Fiyat,Yıl,Kilometre,Vites Tipi,Yakıt Tipi,Renk
959900.0,2024,37000,Duz,Dizel,Mavi
649500.0,2019,137000,Duz,Dizel,Beyaz
1023000.0,2022,50000,Otomatik,Dizel,Beyaz
850000.0,2023,45000,Duz,Benzin,Füme
630000.0,2017,99000,Duz,Benzin,Kırmızı
759000.0,2020,124000,Duz,Dizel,Beyaz
845000.0,2024,10800,Duz,Benzin,Füme
686900.0,2020,182000,Duz,Dizel,Beyaz
444950.0,2017,319000,Duz,Dizel,Beyaz
644500.0,2022,59000,Duz,Benzin,Beyaz
790000.0,2020,94000,Yari Otomatik,Dizel,Beyaz
709850.0,2021,99000,Duz,Dizel,Beyaz
385000.0,2017,334780,Duz,Benzin,Beyaz
865000.0,2023,57000,Duz,Dizel,Mavi
719000.0,2022,105000,Duz,Dizel,Beyaz
720000.0,2017,118000,Duz,Dizel,Siyah
810000.0,2023,66500,Duz,Dizel,Beyaz
745000.0,2021,48000,Duz,LPG & Benzin,Beyaz
827500.0,2023,22900,Duz,Dizel,Beyaz
853500.0,2020,139750,Yari Otomatik,Dizel,Gri
775000.0,2020,126000,Otomatik,Dizel,Beyaz
969900.0,2024,21000,Duz,Dizel,Mavi
870000.0,2023,18000,Duz,Dizel,Gri
662500.0,2019,120000,Duz,Dizel,Beyaz
819900.0,2023,92000,Duz,Dizel,Beyaz
909000.0,2023,37000,Duz,Dizel,Gri
789000.0,2023,14500,Duz,Benzin,Füme
585000.0,2021,189000,Duz,Benzin,Beyaz
809750.0,2021,32000,Duz,Benzin,Turuncu
734750.0,2024,28800,Duz,Benzin,Beyaz
776000.0,2024,7000,Duz,Benzin,Beyaz
645000.0,2020,70000,Duz,Benzin,Beyaz
979900.0,2023,23000,Yari Otomatik,Dizel,Beyaz
930000.0,2021,24500,Duz,LPG & Benzin,Turuncu
759000.0,2021,104000,Duz,Dizel,Beyaz
1154000.0,2023,11700,Otomatik,Hibrit,Mavi
600000.0,2016,186000,Duz,Dizel,Beyaz
585000.0,2017,183000,Duz,Dizel,Beyaz
559950.0,2020,205000,Duz,Dizel,Beyaz
634000.0,2016,165000,Duz,Dizel,Beyaz
639000.0,2020,119000,Duz,Dizel,Beyaz
855000.0,2023,6001,Duz,LPG & Benzin,Füme
969900.0,2024,25000,Duz,Dizel,Gri
939900.0,2022,45000,Otomatik,Dizel,Beyaz
851000.0,2023,49000,Duz,Dizel,Beyaz
860000.0,2023,12000,Duz,Benzin,Beyaz
599900.0,2017,142000,Duz,Benzin,Beyaz
725000.0,2018,144000,Yari Otomatik,Dizel,Beyaz
666000.0,2020,52000,Duz,Benzin,Kırmızı
640000.0,2020,125000,Duz,Dizel,Beyaz
705000.0,2020,47500,Duz,LPG & Benzin,Gri
805000.0,2022,69000,Duz,LPG & Benzin,Füme
645000.0,2020,117000,Duz,Dizel,Beyaz
579000.0,2018,189000,Duz,Dizel,Beyaz
610000.0,2019,199000,Duz,Dizel,Beyaz
615000.0,2019,52500,Duz,LPG & Benzin,Beyaz
747500.0,2024,22000,Duz,Benzin,Beyaz
735000.0,2022,48000,Duz,Benzin,Gri
725900.0,2017,163500,Yari Otomatik,Dizel,Beyaz
725000.0,2020,52850,Duz,Benzin,Bordo
750000.0,2021,20000,Duz,Benzin,Gri
678000.0,2021,129115,Duz,Dizel,Beyaz
945000.0,2023,13700,Duz,Benzin,Gri (metalik)
765000.0,2018,91600,Yari Otomatik,Dizel,Beyaz
670000.0,2021,107000,Duz,Benzin,Gri
857500.0,2023,22000,Duz,Benzin,Mavi
512000.0,2018,580000,Duz,Dizel,Beyaz
715000.0,2020,205000,Duz,Dizel,Beyaz
500000.0,2019,131500,Duz,Benzin,Beyaz
660000.0,2020,141000,Duz,Dizel,Gri
775000.0,2019,138500,Yari Otomatik,Dizel,Beyaz
715000.0,2020,28500,Duz,Benzin,Beyaz
770000.0,2023,24000,Duz,Benzin,Füme
755000.0,2016,114000,Otomatik,Benzin,Beyaz
835000.0,2022,36000,Duz,Dizel,Beyaz
740000.0,2021,19200,Duz,LPG & Benzin,Diğer
800000.0,2019,19000,Duz,Benzin,Beyaz
699000.0,2016,154000,Duz,Dizel,Beyaz
815000.0,2023,29500,Duz,Benzin,Mavi (metalik)
860000.0,2023,21000,Duz,Dizel,Füme
670000.0,2018,92000,Duz,Benzin,Beyaz
820000.0,2023,19400,Duz,Benzin,Yeşil (metalik)
730000.0,2020,48000,Duz,Benzin,Kırmızı
820000.0,2019,133000,Yari Otomatik,Dizel,Beyaz
680000.0,2019,41000,Duz,Benzin,Beyaz
890000.0,2021,155555,Duz,Dizel,Mavi (metalik)
858000.0,2019,126000,Yari Otomatik,Dizel,Beyaz
735000.0,2020,39000,Duz,Benzin,Gri
690000.0,2016,132000,Yari Otomatik,Dizel,Beyaz
680000.0,2020,75000,Duz,Benzin,Beyaz
645000.0,2017,235000,Yari Otomatik,Dizel,Lacivert
920000.0,2023,13600,Duz,LPG & Benzin,Gri (metalik)
790000.0,2023,28850,Duz,Benzin,Mavi
825000.0,2023,20000,Duz,Benzin,Beyaz
837000.0,2022,37000,Duz,Benzin,Beyaz
479500.0,2017,258000,Duz,Dizel,Beyaz
1000000.0,2024,6000,Duz,Benzin,Mavi (metalik)
850000.0,2023,6002,Duz,Benzin,Mavi
790000.0,2023,17000,Duz,Benzin,Mavi (metalik)
760000.0,2020,180000,Yari Otomatik,Dizel,Beyaz
710000.0,2022,37000,Duz,Dizel,Beyaz
850000.0,2022,102000,Otomatik,Dizel,Füme
517500.0,2017,241000,Duz,Dizel,Beyaz
1265750.0,2024,9200,Otomatik,Dizel,Füme
780000.0,2022,68000,Duz,Benzin,Beyaz
925000.0,2023,13000,Duz,Benzin,Beyaz
785000.0,2017,160000,Yari Otomatik,Dizel,Beyaz
735000.0,2022,23500,Duz,Benzin,Beyaz
815000.0,2022,38183,Duz,Benzin,Beyaz
495000.0,2016,250000,Duz,Dizel,Beyaz
765000.0,2020,69000,Duz,Dizel,Gri
585000.0,2016,104500,Duz,LPG & Benzin,Mavi (metalik)
855000.0,2024,29000,Duz,Benzin,Beyaz
660000.0,2016,176000,Otomatik,LPG & Benzin,Bordo
689000.0,2021,58900,Duz,Benzin,Beyaz
710000.0,2020,74400,Duz,Benzin,Beyaz
620000.0,2020,200000,Duz,Dizel,Beyaz
800000.0,2022,69000,Duz,Benzin,Beyaz
915000.0,2023,6700,Duz,Benzin,Mavi (metalik)
615000.0,2019,76000,Duz,Benzin,Kırmızı
643000.0,2020,61000,Duz,Benzin,Beyaz
720000.0,2021,57000,Duz,Benzin,Beyaz
605000.0,2016,156000,Duz,Dizel,Beyaz
899000.0,2023,19500,Duz,LPG & Benzin,Kırmızı
670000.0,2020,108000,Duz,Dizel,Beyaz
695000.0,2020,90000,Duz,Dizel,Beyaz
650000.0,2018,174000,Duz,Dizel,Beyaz
750000.0,2023,19000,Duz,LPG & Benzin,Mavi (metalik)
700000.0,2018,97000,Duz,Dizel,Beyaz
735000.0,2022,51000,Duz,LPG & Benzin,Füme
785000.0,2017,202000,Yari Otomatik,Dizel,Beyaz
579000.0,2017,74000,Duz,LPG & Benzin,Beyaz
825000.0,2021,54000,Duz,Dizel,Beyaz
895000.0,2023,6001,Duz,Benzin,Mavi (metalik)
660000.0,2020,129000,Duz,Dizel,Gri (Gümüş)
1350000.0,2023,21000,Otomatik,Dizel,Kırmızı
725000.0,2016,128000,Duz,Dizel,Beyaz
760000.0,2016,123000,Yari Otomatik,Dizel,Kırmızı
825750.0,2023,50250,Duz,Dizel,Beyaz
695000.0,2022,62000,Duz,Benzin,Beyaz
1220000.0,2022,25000,Otomatik,Hibrit,Gri (Gümüş)
765000.0,2022,60000,Duz,Dizel,Beyaz
750000.0,2020,29000,Duz,Benzin,Beyaz
760000.0,2021,24000,Duz,Benzin,Mavi (metalik)
810000.0,2020,74500,Duz,Benzin,Füme
840000.0,2023,24400,Duz,Benzin,Turuncu
645000.0,2015,117000,Duz,Dizel,Beyaz
680000.0,2020,65000,Duz,LPG & Benzin,Kırmızı
650000.0,2018,152000,Duz,Dizel,Beyaz
585900.0,2017,234000,Duz,Dizel,Beyaz
595000.0,2021,209000,Duz,Benzin,Mavi (metalik)
729000.0,2020,84500,Duz,Dizel,Beyaz
775000.0,2022,30000,Duz,Benzin,Mavi
965000.0,2022,48000,Otomatik,Dizel,Beyaz
657500.0,2018,127500,Duz,Dizel,Füme
650000.0,2017,196000,Yari Otomatik,Dizel,Beyaz
747500.0,2021,102000,Duz,Dizel,Beyaz
650000.0,2021,103000,Duz,Dizel,Beyaz
830000.0,2023,41000,Duz,Benzin,Gri
717000.0,2022,62203,Duz,Dizel,Beyaz
800000.0,2023,27000,Duz,Benzin,Beyaz
859000.0,2022,54000,Otomatik,Dizel,Beyaz
685000.0,2021,82000,Duz,Benzin,Beyaz
785000.0,2019,97000,Duz,Dizel,Beyaz
599999.0,2016,173000,Duz,Dizel,Beyaz
813000.0,2021,62000,Duz,Benzin,Mavi
689000.0,2020,112850,Duz,Dizel,Beyaz
765000.0,2021,60000,Duz,LPG & Benzin,Beyaz
705000.0,2021,90000,Duz,Benzin,Beyaz
745000.0,2023,20000,Duz,Benzin,Gri
639000.0,2016,104500,Duz,Benzin,Beyaz
765000.0,2019,170000,Duz,Dizel,Beyaz
845000.0,2021,58000,Duz,Benzin,Mavi (metalik)
714900.0,2018,155000,Otomatik,Dizel,Beyaz
712500.0,2021,80000,Duz,LPG & Benzin,Beyaz
659750.0,2019,177000,Otomatik,Dizel,Beyaz
665000.0,2022,90000,Duz,Benzin,Beyaz
735000.0,2020,111475,Yari Otomatik,Dizel,Beyaz
660000.0,2021,153000,Duz,Dizel,Beyaz
639999.0,2018,234000,Duz,Dizel,Beyaz
459900.0,2019,120000,Duz,Benzin,Beyaz
669000.0,2020,139000,Duz,Dizel,Beyaz
720000.0,2021,61000,Duz,Benzin,Beyaz
727500.0,2018,118000,Duz,Dizel,Beyaz
805750.0,2022,81450,Duz,Dizel,Beyaz
655000.0,2017,129689,Duz,Dizel,Beyaz
510000.0,2017,186000,Duz,Dizel,Beyaz
793000.0,2022,49490,Duz,Dizel,Beyaz
730000.0,2020,41000,Duz,Benzin,Beyaz
720000.0,2020,163000,Yari Otomatik,Dizel,Beyaz
699999.0,2018,26000,Duz,Benzin,Beyaz
679000.0,2020,180000,Otomatik,Dizel,Beyaz
832750.0,2021,56000,Duz,Benzin,Turuncu
642900.0,2020,80000,Duz,Benzin,Beyaz
890000.0,2023,28300,Duz,Dizel,Gri
735000.0,2020,123775,Yari Otomatik,Dizel,Beyaz
685000.0,2017,158838,Yari Otomatik,Dizel,Beyaz
1269000.0,2024,8584,Yari Otomatik,Dizel,Beyaz
779750.0,2022,60000,Duz,Dizel,Beyaz
775000.0,2017,106700,Otomatik,Benzin,Beyaz
1035000.0,2022,73499,Otomatik,Dizel,Turuncu
700000.0,2022,46000,Duz,Benzin,Beyaz
930000.0,2020,119325,Otomatik,Dizel,Beyaz
640000.0,2020,98000,Duz,Benzin,Gri
855000.0,2024,8800,Duz,Benzin,Mavi
779750.0,2022,77000,Duz,Dizel,Beyaz
790000.0,2020,112550,Duz,Dizel,Beyaz
667000.0,2020,140000,Duz,Dizel,Beyaz
687900.0,2020,150600,Otomatik,Dizel,Beyaz
889000.0,2024,6100,Duz,Benzin,Mavi
769750.0,2022,86000,Duz,Dizel,Beyaz
915000.0,2023,23000,Duz,Benzin,Füme
799000.0,2022,93636,Duz,Benzin,Beyaz
950000.0,2023,38847,Otomatik,Dizel,Beyaz
970000.0,2022,83040,Yari Otomatik,Dizel,Gri
975000.0,2024,6500,Duz,Dizel,Beyaz
719900.0,2022,92000,Duz,Benzin,Beyaz
697000.0,2021,93000,Duz,Benzin,Beyaz
825000.0,2023,48000,Duz,Dizel,Beyaz
499900.0,2017,218000,Duz,Dizel,Beyaz
790000.0,2020,118031,Otomatik,Dizel,Kırmızı
710000.0,2022,49620,Duz,Benzin,Gri
759000.0,2021,89000,Duz,Dizel,Beyaz
685000.0,2021,79800,Duz,Dizel,Beyaz
965000.0,2023,23380,Duz,Benzin,Turuncu
805000.0,2020,171305,Duz,Dizel,Beyaz
647000.0,2020,68700,Duz,Benzin,Beyaz
1055000.0,2022,90000,Otomatik,Dizel,Beyaz
835000.0,2022,94500,Otomatik,Dizel,Beyaz
520000.0,2017,250000,Duz,Dizel,Beyaz
840000.0,2020,172224,Yari Otomatik,Dizel,Siyah
540000.0,2017,188000,Duz,Dizel,Beyaz
785000.0,2021,46000,Duz,LPG & Benzin,Mavi
895000.0,2023,13340,Duz,Benzin,Gri
619000.0,2022,114000,Duz,Benzin,Beyaz
675000.0,2021,122000,Duz,Benzin,Beyaz
760000.0,2021,81000,Duz,Benzin,Beyaz
679000.0,2017,163000,Duz,Dizel,Beyaz
730000.0,2021,113000,Duz,Dizel,Beyaz
769750.0,2022,82000,Duz,Dizel,Beyaz
775000.0,2023,10000,Duz,Benzin,Füme
919000.0,2023,35000,Duz,Dizel,Gri
665000.0,2020,150000,Duz,Dizel,Beyaz
725000.0,2018,180000,Otomatik,Dizel,Beyaz
495000.0,2016,156000,Duz,Dizel,Beyaz
620000.0,2017,234200,Otomatik,Benzin,Gri
622500.0,2016,201000,Duz,Dizel,Beyaz
1150000.0,2024,6001,Duz,Dizel,Gri (Gümüş)
1145000.0,2023,50000,Otomatik,Dizel,Füme
698750.0,2022,119380,Duz,Dizel,Beyaz
760000.0,2019,184000,Otomatik,Dizel,Beyaz
558550.0,2020,175000,Duz,Benzin,Beyaz
1030000.0,2024,23000,Duz,Dizel,Gri
825000.0,2023,22000,Duz,Benzin,Gri
545000.0,2018,195000,Duz,Dizel,Beyaz
525000.0,2018,243000,Duz,Dizel,Beyaz
650000.0,2020,135000,Duz,LPG & Benzin,Beyaz
599900.0,2019,164725,Duz,Dizel,Beyaz
638850.0,2021,124000,Duz,Benzin,Mavi
823100.0,2023,9250,Duz,Benzin,Gri
720000.0,2020,240000,Otomatik,Dizel,Beyaz
739990.0,2020,149000,Otomatik,Dizel,Beyaz
865000.0,2022,17000,Duz,Dizel,Beyaz
449500.0,2017,145000,Duz,LPG & Benzin,Gri (Gümüş)
779000.0,2023,32000,Duz,Benzin,Gri
460000.0,2019,632000,Duz,Dizel,Beyaz
660000.0,2021,53596,Duz,Benzin,Gri
720000.0,2021,18000,Duz,Benzin,Gri
875000.0,2023,28000,Duz,Benzin,Mavi
920000.0,2023,46000,Otomatik,Dizel,Beyaz
619500.0,2018,82000,Duz,LPG & Benzin,Kırmızı
890000.0,2020,117000,Otomatik,Dizel,Beyaz
612900.0,2019,81000,Duz,Benzin,Beyaz
560000.0,2019,135000,Duz,Benzin,Beyaz
905000.0,2024,6001,Duz,Benzin,Gri (titanyum)
490000.0,2017,270000,Duz,Dizel,Beyaz
799000.0,2021,50000,Duz,Dizel,Beyaz
754750.0,2023,17270,Duz,Benzin,Gri
868750.0,2022,83000,Yari Otomatik,Dizel,Beyaz
622000.0,2019,80000,Duz,Benzin,Beyaz
540000.0,2016,168000,Duz,Dizel,Beyaz
1149000.0,2024,11000,Yari Otomatik,Dizel,Beyaz
595000.0,2016,223000,Otomatik,Benzin,Beyaz
645000.0,2020,113000,Duz,Benzin,Beyaz
908500.0,2022,40000,Otomatik,Dizel,Beyaz
725000.0,2020,124000,Otomatik,Dizel,Beyaz
769000.0,2021,78500,Duz,Dizel,Beyaz
745000.0,2017,185000,Yari Otomatik,Dizel,Gri (metalik)
1090000.0,2021,17000,Duz,Dizel,Beyaz
736500.0,2023,28800,Duz,Benzin,Beyaz
1225000.0,2022,7750,Yari Otomatik,Dizel,Beyaz
574900.0,2020,133000,Duz,Dizel,Beyaz
550000.0,2016,227000,Duz,Dizel,Beyaz
819000.0,2022,35000,Duz,Benzin,Beyaz
855000.0,2020,135516,Yari Otomatik,Dizel,Beyaz
775000.0,2020,98000,Duz,Dizel,Gri
990000.0,2024,10500,Duz,Benzin,Mavi (metalik)
710000.0,2018,173000,Duz,Dizel,Beyaz
755000.0,2017,186000,Yari Otomatik,Dizel,Füme
675000.0,2016,173000,Otomatik,LPG & Benzin,Beyaz
695000.0,2020,79000,Duz,LPG & Benzin,Beyaz
825000.0,2020,60420,Yari Otomatik,Dizel,Beyaz
480000.0,2016,272000,Duz,Dizel,Beyaz
583900.0,2021,125000,Duz,Benzin,Beyaz
630000.0,2020,58500,Duz,Benzin,Beyaz
530000.0,2017,210000,Duz,Dizel,Beyaz
830000.0,2023,13000,Duz,Benzin,Beyaz
805000.0,2016,111000,Yari Otomatik,Dizel,Bordo
929850.0,2023,13200,Duz,Benzin,Mavi (metalik)
835750.0,2021,42000,Duz,Benzin,Turuncu
450000.0,2016,238000,Duz,Dizel,Beyaz
1400000.0,2024,8400,Yari Otomatik,Dizel,Turuncu
925000.0,2023,12000,Duz,Benzin,Füme
780000.0,2020,48200,Duz,Dizel,Beyaz
740000.0,2021,29600,Duz,Benzin,Beyaz
800000.0,2020,31250,Duz,Dizel,Beyaz
535000.0,2016,209000,Duz,Dizel,Beyaz
825000.0,2020,68864,Yari Otomatik,Dizel,Beyaz
665000.0,2022,25000,Duz,Benzin,Beyaz
825000.0,2022,13500,Duz,Benzin,Beyaz
690000.0,2021,93000,Duz,Benzin,Beyaz
799000.0,2023,17450,Duz,Benzin,Mavi (metalik)
832500.0,2024,20000,Duz,Benzin,Gri (metalik)
1140000.0,2022,18205,Otomatik,Hibrit,Beyaz
590000.0,2017,170000,Duz,Dizel,Beyaz
660000.0,2023,47000,Duz,Dizel,Beyaz
615000.0,2020,92000,Duz,Benzin,Beyaz
665000.0,2021,190000,Duz,Dizel,Beyaz
640000.0,2019,136500,Duz,LPG & Benzin,Gri
1225000.0,2023,40000,Otomatik,Hibrit,Mavi
770000.0,2020,130000,Yari Otomatik,Dizel,Beyaz
550000.0,2020,124000,Duz,LPG & Benzin,Mavi
805000.0,2020,15850,Duz,Benzin,Beyaz
790000.0,2021,89000,Duz,LPG & Benzin,Kırmızı
789900.0,2022,96000,Duz,Dizel,Beyaz
567500.0,2018,224000,Duz,Dizel,Beyaz
700000.0,2019,150000,Otomatik,Benzin,Beyaz
735000.0,2019,36000,Duz,LPG & Benzin,Beyaz
724000.0,2023,24852,Duz,Benzin,Gri
740000.0,2022,70000,Duz,Benzin,Gri
1030000.0,2022,60689,Yari Otomatik,Dizel,Mavi
630000.0,2016,155000,Duz,LPG & Benzin,Mavi
970000.0,2023,6001,Duz,Benzin,Gri (Gümüş)
665000.0,2020,111000,Duz,Dizel,Beyaz
623000.0,2019,80500,Duz,LPG & Benzin,Beyaz
695000.0,2022,54980,Duz,Benzin,Beyaz
670000.0,2017,103000,Duz,Dizel,Beyaz
575000.0,2016,225000,Duz,Dizel,Beyaz
875000.0,2022,17000,Duz,Dizel,Beyaz
395000.0,2016,733000,Duz,Dizel,Beyaz
614000.0,2017,192000,Otomatik,Dizel,Beyaz
600000.0,2016,172000,Duz,Dizel,Beyaz
1110000.0,2021,37700,Duz,Dizel,Beyaz
1135000.0,2023,22000,Yari Otomatik,Dizel,Beyaz
670000.0,2019,141000,Duz,Dizel,Beyaz
732000.0,2020,200000,Otomatik,Dizel,Beyaz
935000.0,2023,16000,Duz,Benzin,Mavi
759000.0,2023,35497,Duz,Benzin,Mavi (metalik)
575000.0,2020,144000,Duz,Dizel,Beyaz
710000.0,2020,139000,Duz,Dizel,Beyaz
890000.0,2023,22000,Duz,LPG & Benzin,Turuncu
1240000.0,2023,56390,Yari Otomatik,Dizel,Mavi
800000.0,2023,25000,Duz,Benzin,Gri (metalik)
698000.0,2022,32000,Duz,Benzin,Füme
595000.0,2016,131000,Duz,Dizel,Beyaz
745000.0,2023,22000,Duz,Benzin,Mavi
815000.0,2023,11000,Duz,Benzin,Beyaz
729000.0,2023,36500,Duz,Benzin,Beyaz
687000.0,2020,121955,Duz,Dizel,Kırmızı
695000.0,2023,46000,Duz,Benzin,Mavi (metalik)
652000.0,2018,316000,Yari Otomatik,Dizel,Lacivert
810000.0,2023,48000,Duz,Benzin,Beyaz
865000.0,2021,45800,Duz,Benzin,Yeşil (metalik)
845000.0,2023,16500,Duz,Benzin,Mavi (metalik)
725000.0,2016,138500,Duz,Dizel,Beyaz
580000.0,2016,194000,Duz,Dizel,Beyaz
885000.0,2021,57000,Duz,Dizel,Gri
749000.0,2024,10800,Duz,Dizel,Beyaz
565000.0,2019,99000,Duz,LPG & Benzin,Beyaz
860000.0,2022,35750,Duz,Dizel,Beyaz
800000.0,2023,21000,Duz,Benzin,Mavi
650000.0,2019,69000,Duz,Benzin,Beyaz
820000.0,2022,39000,Duz,Dizel,Beyaz
1200000.0,2022,25800,Yari Otomatik,Dizel,Gri
535000.0,2015,151000,Duz,Dizel,Beyaz
1085000.0,2023,52000,Yari Otomatik,Dizel,Beyaz
710000.0,2017,210000,Duz,Dizel,Beyaz
985000.0,2024,6001,Duz,Benzin,Mavi (metalik)
790000.0,2020,106000,Duz,Dizel,Beyaz
794750.0,2021,43000,Duz,Benzin,Beyaz
530000.0,2016,472000,Duz,Dizel,Beyaz
715000.0,2020,199000,Otomatik,Dizel,Beyaz
895000.0,2023,44800,Duz,Dizel,Beyaz
675000.0,2019,48000,Duz,Benzin,Gri
670000.0,2015,193000,Duz,Dizel,Beyaz
595000.0,2019,174500,Duz,Benzin,Beyaz
1075000.0,2022,29000,Duz,Benzin,Turuncu
735000.0,2023,64000,Duz,Benzin,Beyaz
1125000.0,2024,11623,Otomatik,Dizel,Beyaz
550000.0,2016,177500,Yari Otomatik,Dizel,Gri
655000.0,2018,39500,Duz,Benzin,Beyaz
1000000.0,2024,6001,Duz,Benzin,Gri
635750.0,2019,167000,Duz,LPG & Benzin,Kırmızı
820000.0,2022,23000,Duz,Benzin,Beyaz
870000.0,2020,104207,Yari Otomatik,Dizel,Siyah
749000.0,2022,33400,Duz,Benzin,Beyaz
937500.0,2022,39000,Otomatik,Dizel,Gri
735000.0,2020,92000,Duz,Dizel,Beyaz
705000.0,2023,20000,Duz,Benzin,Beyaz
805000.0,2023,30000,Duz,Benzin,Gri
765000.0,2021,151745,Duz,Benzin,Beyaz
715000.0,2023,28000,Duz,Benzin,Gri
1175000.0,2023,39000,Yari Otomatik,Dizel,Kırmızı
679000.0,2021,98000,Duz,Dizel,Beyaz
650000.0,2020,166000,Duz,Benzin,Füme
845000.0,2023,30400,Duz,Dizel,Beyaz
835000.0,2022,18000,Duz,Benzin,Füme
510000.0,2017,245000,Duz,Dizel,Beyaz
739000.0,2024,43000,Duz,Benzin,Füme
628000.0,2020,160000,Duz,Dizel,Beyaz
815000.0,2024,32000,Duz,Benzin,Beyaz
720000.0,2020,184000,Otomatik,Dizel,Beyaz
845000.0,2022,16500,Duz,Dizel,Beyaz
829000.0,2023,51000,Duz,Benzin,Füme
745000.0,2020,170000,Otomatik,Dizel,Beyaz
1089000.0,2022,82000,Otomatik,Dizel,Beyaz
624500.0,2020,71490,Duz,LPG & Benzin,Gri
719000.0,2020,165000,Otomatik,Dizel,Beyaz
739500.0,2021,100500,Duz,Dizel,Beyaz
777900.0,2023,23000,Duz,Benzin,Beyaz
895000.0,2023,38000,Duz,Benzin,Turuncu
544900.0,2020,183000,Duz,Dizel,Beyaz
833000.0,2022,95500,Otomatik,Dizel,Füme
630000.0,2020,148000,Duz,Dizel,Beyaz
727000.0,2020,67000,Duz,Dizel,Beyaz
789000.0,2022,65000,Duz,Dizel,Beyaz
775000.0,2021,79000,Duz,Benzin,Gri
804000.0,2020,115000,Yari Otomatik,Dizel,Gri (Gümüş)
655000.0,2017,160000,Duz,Dizel,Beyaz
675000.0,2021,85000,Duz,Benzin,Beyaz
625000.0,2021,83129,Duz,Benzin,Beyaz
1285000.0,2024,12000,Otomatik,Dizel,Mavi
510000.0,2017,113000,Duz,Benzin,Beyaz
468000.0,2016,828060,Duz,Dizel,Beyaz
715000.0,2023,33000,Duz,Benzin,Beyaz
745000.0,2020,165000,Duz,Benzin,Kırmızı
910000.0,2023,14700,Duz,Benzin,Mavi
690000.0,2020,72202,Duz,Benzin,Lacivert
560000.0,2020,172000,Duz,Dizel,Beyaz
797500.0,2019,119000,Yari Otomatik,Dizel,Beyaz
777000.0,2019,153000,Yari Otomatik,Dizel,Beyaz
740000.0,2022,21000,Duz,Benzin,Mavi (metalik)
795000.0,2020,101900,Otomatik,Dizel,Beyaz
690000.0,2020,167000,Duz,Dizel,Beyaz
719500.0,2017,130000,Otomatik,Dizel,Beyaz
532500.0,2019,93500,Duz,LPG & Benzin,Beyaz
724500.0,2017,138000,Otomatik,Benzin,Beyaz
685000.0,2016,122000,Duz,Dizel,Beyaz
560000.0,2019,180000,Duz,LPG & Benzin,Beyaz
690000.0,2019,133000,Otomatik,Dizel,Beyaz
925000.0,2021,62000,Duz,LPG & Benzin,Turuncu
785000.0,2021,57000,Duz,Dizel,Beyaz
739900.0,2022,71875,Duz,Benzin,Beyaz
570000.0,2017,200000,Duz,Dizel,Beyaz
745000.0,2022,50000,Duz,Dizel,Beyaz
585000.0,2019,130000,Duz,Benzin,Beyaz
517500.0,2019,102500,Duz,Benzin,Beyaz
630000.0,2015,98000,Duz,LPG & Benzin,Beyaz
748950.0,2023,38000,Duz,Benzin,Mavi
785000.0,2020,206000,Otomatik,Dizel,Beyaz
790000.0,2019,109400,Yari Otomatik,Dizel,Beyaz
520000.0,2016,222000,Duz,Dizel,Beyaz
670000.0,2018,62000,Duz,Benzin,Beyaz
1272900.0,2023,6089,Otomatik,LPG & Benzin,Turuncu
729500.0,2022,119000,Duz,Benzin,Beyaz
595000.0,2019,168000,Duz,Dizel,Beyaz
735000.0,2021,40500,Duz,Benzin,Beyaz
855000.0,2022,25500,Duz,Benzin,Beyaz
732500.0,2021,106000,Duz,Dizel,Beyaz
665000.0,2018,210000,Yari Otomatik,Dizel,Beyaz
560000.0,2017,181000,Duz,Dizel,Beyaz
555000.0,2017,186000,Duz,Dizel,Beyaz
625000.0,2019,185000,Duz,Benzin,Gri
630000.0,2016,180000,Duz,LPG & Benzin,Gri
795000.0,2020,136100,Otomatik,Dizel,Beyaz
588000.0,2016,155000,Duz,Benzin,Beyaz
789900.0,2022,63167,Duz,Benzin,Gri
685000.0,2019,120000,Duz,Dizel,Beyaz
805000.0,2020,85736,Otomatik,Dizel,Beyaz
738000.0,2023,18000,Duz,Benzin,Beyaz
1240000.0,2023,47490,Yari Otomatik,Dizel,Gri
1000000.0,2024,19284,Duz,Dizel,Mavi
675000.0,2021,184400,Duz,LPG & Benzin,Beyaz
867000.0,2022,72000,Otomatik,Dizel,Füme
655000.0,2016,118000,Duz,LPG & Benzin,Beyaz
520000.0,2017,223500,Duz,Dizel,Beyaz
815000.0,2024,17000,Duz,Benzin,Mavi
605000.0,2018,48000,Duz,LPG & Benzin,Beyaz
645000.0,2017,124600,Duz,Dizel,Beyaz
649500.0,2017,173000,Yari Otomatik,Dizel,Beyaz
699000.0,2021,119500,Duz,Dizel,Beyaz
659000.0,2020,140000,Duz,Dizel,Beyaz
785900.0,2021,98000,Duz,Dizel,Beyaz
765000.0,2020,133705,Otomatik,Dizel,Beyaz
669000.0,2021,158000,Duz,Dizel,Beyaz
645000.0,2020,180000,Duz,Dizel,Beyaz
685000.0,2017,40000,Duz,LPG & Benzin,Mavi (metalik)
718750.0,2018,198000,Otomatik,Dizel,Gri
638750.0,2017,178000,Otomatik,Dizel,Bordo
715000.0,2020,41000,Duz,Benzin,Mavi
760000.0,2022,118000,Duz,Dizel,Beyaz
512500.0,2016,158000,Duz,LPG & Benzin,Şampanya
875000.0,2023,31000,Duz,Benzin,Füme
815000.0,2021,90000,Duz,Dizel,Beyaz
629000.0,2017,153000,Duz,Dizel,Beyaz
619999.0,2016,200000,Duz,Dizel,Beyaz
565000.0,2016,174450,Duz,Dizel,Beyaz
695000.0,2017,81600,Duz,Dizel,Beyaz
979000.0,2022,19800,Otomatik,Dizel,Beyaz
620000.0,2017,87000,Duz,Benzin,Beyaz
688000.0,2019,115000,Duz,Dizel,Beyaz
739000.0,2021,119000,Duz,Dizel,Beyaz
678950.0,2020,143000,Duz,Dizel,Gri
725000.0,2022,23500,Duz,Benzin,Füme
519500.0,2016,208000,Duz,Dizel,Beyaz
605000.0,2020,88654,Duz,Benzin,Beyaz
750000.0,2023,22000,Duz,Benzin,Füme
699000.0,2023,73000,Duz,Benzin,Füme
630000.0,2016,71000,Duz,Benzin,Beyaz
475000.0,2016,215000,Duz,LPG & Benzin,Gri (Gümüş)
747900.0,2021,140000,Duz,Dizel,Beyaz
1165000.0,2024,6001,Duz,Dizel,Füme
759000.0,2020,168000,Otomatik,Dizel,Beyaz
615000.0,2020,42000,Duz,Benzin,Beyaz
765000.0,2018,157000,Otomatik,Dizel,Beyaz
1069000.0,2022,50000,Otomatik,Dizel,Beyaz
805000.0,2020,108191,Otomatik,Dizel,Beyaz
715000.0,2022,72000,Duz,Benzin,Füme
840000.0,2023,6001,Duz,Benzin,Beyaz
875000.0,2023,12000,Duz,Benzin,Füme
795000.0,2021,103000,Duz,Dizel,Beyaz
837000.0,2023,75000,Duz,Dizel,Beyaz
734750.0,2023,10482,Duz,Benzin,Beyaz
895000.0,2023,23000,Duz,Dizel,Gri
795000.0,2023,14000,Duz,LPG & Benzin,Füme
690000.0,2020,113000,Duz,Dizel,Beyaz
890000.0,2023,15000,Duz,LPG & Benzin,Beyaz
815000.0,2021,50000,Duz,Benzin,Turuncu
829000.0,2022,39800,Duz,Benzin,Beyaz
645000.0,2021,150000,Duz,Dizel,Beyaz
629000.0,2019,108000,Duz,Benzin,Beyaz
629000.0,2022,35500,Duz,Benzin,Gri
799000.0,2023,16000,Duz,Benzin,Beyaz
657500.0,2016,97000,Duz,LPG & Benzin,Beyaz
790000.0,2020,91100,Otomatik,Dizel,Beyaz
660000.0,2021,86500,Duz,LPG & Benzin,Beyaz
879900.0,2016,20453,Otomatik,Benzin,Beyaz
1030000.0,2023,29000,Duz,Benzin,Gri
689900.0,2017,132000,Otomatik,Benzin,Beyaz
645000.0,2019,81000,Duz,Dizel,Beyaz
879500.0,2022,40500,Otomatik,Dizel,Füme
675000.0,2021,137800,Duz,Dizel,Beyaz
655000.0,2020,85500,Duz,LPG & Benzin,Beyaz
990000.0,2022,20000,Yari Otomatik,Dizel,Gri (metalik)
745000.0,2022,52000,Duz,Benzin,Beyaz
742000.0,2023,15000,Duz,Benzin,Beyaz
715000.0,2022,63000,Duz,Dizel,Beyaz
837000.0,2020,109000,Otomatik,Dizel,Beyaz
655000.0,2018,39500,Duz,LPG & Benzin,Beyaz
1110000.0,2021,69000,Duz,Dizel,Diğer
729999.0,2023,33000,Duz,Benzin,Mavi
655000.0,2017,90000,Duz,LPG & Benzin,Beyaz
885000.0,2023,12000,Duz,Benzin,Turuncu
857000.0,2022,20100,Duz,Benzin,Füme
725000.0,2020,51000,Duz,Benzin,Gri
675000.0,2018,153000,Yari Otomatik,Dizel,Beyaz
735000.0,2017,98000,Duz,Benzin,Kırmızı
825000.0,2021,81000,Duz,LPG & Benzin,Füme
520000.0,2016,229651,Duz,Dizel,Beyaz
605000.0,2016,295000,Duz,Dizel,Füme
784900.0,2023,22000,Duz,Benzin,Beyaz
650000.0,2016,113000,Duz,LPG & Benzin,Beyaz
679000.0,2017,136500,Otomatik,Benzin,Beyaz
685000.0,2021,79900,Duz,Benzin,Beyaz
599000.0,2016,98500,Duz,Benzin,Siyah
795000.0,2022,82000,Duz,Dizel,Beyaz
875000.0,2022,22000,Duz,Dizel,Beyaz
649000.0,2019,179000,Duz,Dizel,Beyaz
650000.0,2017,255000,Otomatik,Dizel,Beyaz
695000.0,2020,75000,Duz,Dizel,Gri
635000.0,2019,120000,Duz,Benzin,Beyaz
689000.0,2022,45000,Duz,Benzin,Beyaz
890000.0,2023,22600,Duz,LPG & Benzin,Füme
700000.0,2020,73000,Duz,Benzin,Beyaz
904000.0,2023,10000,Duz,Benzin,Füme
800000.0,2022,35000,Duz,Benzin,Beyaz
849000.0,2021,81732,Duz,Benzin,Mavi
635000.0,2019,110000,Duz,Dizel,Beyaz
907500.0,2023,59300,Duz,Dizel,Beyaz
848000.0,2023,47500,Duz,Dizel,Füme
595000.0,2016,183000,Duz,Dizel,Beyaz
858500.0,2021,69000,Duz,Dizel,Beyaz
819000.0,2023,40119,Duz,Dizel,Beyaz
909900.0,2024,29500,Duz,Dizel,Beyaz
560000.0,2017,260000,Duz,Dizel,Kırmızı
885000.0,2023,6001,Duz,LPG & Benzin,Mavi
850000.0,2024,9000,Duz,Benzin,Gri
695000.0,2020,127000,Duz,Dizel,Beyaz
750000.0,2021,149000,Duz,Dizel,Beyaz
730000.0,2016,110000,Duz,Dizel,Beyaz
735000.0,2019,30000,Duz,Benzin,Beyaz
710000.0,2020,51000,Duz,Benzin,Kırmızı
985000.0,2019,40600,Otomatik,Benzin,Beyaz
814000.0,2023,41562,Duz,Dizel,Beyaz
1089000.0,2022,28000,Otomatik,LPG & Benzin,Turuncu
979750.0,2023,51136,Otomatik,Dizel,Gri
879000.0,2022,57132,Duz,Benzin,Beyaz
1325000.0,2023,37500,Yari Otomatik,Dizel,Yeşil (metalik)
765000.0,2019,125000,Duz,Dizel,Beyaz
745000.0,2020,83600,Duz,Dizel,Beyaz
765000.0,2021,35700,Duz,Benzin,Mavi (metalik)
685000.0,2021,145000,Duz,Dizel,Beyaz
789000.0,2023,30848,Duz,Benzin,Gri
719000.0,2021,70497,Duz,Benzin,Mavi
788000.0,2023,29100,Duz,Benzin,Beyaz
789000.0,2022,58833,Duz,Dizel,Beyaz
855000.0,2023,12000,Duz,Benzin,Mavi
1089000.0,2022,95322,Otomatik,Dizel,Mavi
755000.0,2021,69000,Duz,Benzin,Kırmızı
1015000.0,2023,6590,Duz,Dizel,Mavi (metalik)
745000.0,2022,90000,Duz,Dizel,Beyaz
685000.0,2021,129000,Duz,LPG & Benzin,Gri (titanyum)
759000.0,2023,31694,Duz,Benzin,Mavi
520000.0,2016,262000,Duz,Dizel,Siyah
665000.0,2021,85000,Duz,Benzin,Beyaz
810000.0,2023,6500,Duz,Benzin,Füme
949000.0,2023,72651,Yari Otomatik,Dizel,Beyaz
890000.0,2023,30000,Duz,LPG & Benzin,Gri (metalik)
820000.0,2022,77000,Duz,LPG & Benzin,Mavi (metalik)
749000.0,2021,69081,Duz,Dizel,Beyaz
805000.0,2023,26000,Duz,LPG & Benzin,Turuncu
725000.0,2021,65000,Duz,LPG & Benzin,Şampanya
670000.0,2020,65000,Duz,Benzin,Gri
575000.0,2019,318327,Duz,Dizel,Beyaz
645000.0,2017,158000,Otomatik,Dizel,Beyaz
930000.0,2023,9000,Duz,LPG & Benzin,Mavi
855000.0,2020,194848,Otomatik,Dizel,Beyaz
635000.0,2019,87000,Duz,Benzin,Bordo
842500.0,2021,65000,Duz,Dizel,Beyaz
710000.0,2019,120000,Duz,Dizel,Beyaz
689900.0,2020,137000,Duz,Dizel,Beyaz
538000.0,2020,327000,Duz,Dizel,Beyaz
814000.0,2022,64000,Duz,LPG & Benzin,Beyaz
1100000.0,2022,62000,Otomatik,Dizel,Turuncu
940000.0,2023,18500,Duz,LPG & Benzin,Mavi (metalik)
755000.0,2019,103000,Duz,Dizel,Beyaz
850000.0,2023,27800,Duz,Benzin,Kırmızı
870000.0,2024,6100,Duz,Benzin,Beyaz
845000.0,2017,61484,Duz,Dizel,Gri
1200000.0,2023,22850,Otomatik,Dizel,Füme
715000.0,2023,40000,Duz,Benzin,Gri
660000.0,2020,136000,Duz,LPG & Benzin,Beyaz
607000.0,2019,101890,Duz,Dizel,Beyaz
623000.0,2020,130000,Duz,Dizel,Beyaz
795000.0,2020,105000,Otomatik,Dizel,Lacivert
875000.0,2019,126000,Otomatik,Dizel,Beyaz
839000.0,2020,89000,Otomatik,Dizel,Füme
860000.0,2023,48000,Duz,Benzin,Beyaz
772000.0,2023,15000,Duz,Benzin,Gri
799750.0,2023,63000,Duz,Dizel,Beyaz
890000.0,2023,6900,Duz,Benzin,Beyaz
1190000.0,2022,52000,Yari Otomatik,Dizel,Gri
745000.0,2024,8000,Duz,Benzin,Füme
610000.0,2016,193000,Duz,Dizel,Beyaz
725000.0,2020,110000,Duz,Dizel,Beyaz
545000.0,2017,220000,Duz,Dizel,Beyaz
729000.0,2020,110000,Duz,Dizel,Beyaz
645000.0,2015,193780,Duz,Dizel,Beyaz
769000.0,2021,59000,Duz,Dizel,Beyaz
635000.0,2021,160000,Duz,Dizel,Beyaz
649000.0,2020,193000,Duz,Dizel,Beyaz
755000.0,2023,18696,Duz,Benzin,Beyaz
715000.0,2022,89000,Duz,Dizel,Beyaz
659000.0,2020,203200,Duz,Dizel,Beyaz
741000.0,2023,17000,Duz,Benzin,Beyaz
825000.0,2023,6001,Duz,Benzin,Beyaz
744900.0,2023,25000,Duz,Benzin,Beyaz
836000.0,2021,30600,Duz,Benzin,Mavi
919000.0,2022,68000,Otomatik,LPG & Benzin,Beyaz
560000.0,2016,227000,Duz,Dizel,Beyaz
565000.0,2017,182000,Duz,Dizel,Beyaz
525000.0,2020,260000,Duz,LPG & Benzin,Gri
715750.0,2023,26905,Duz,Benzin,Gri
840000.0,2021,16000,Duz,Benzin,Beyaz
710000.0,2020,53420,Duz,Benzin,Gri
695000.0,2019,46000,Duz,Benzin,Beyaz
580000.0,2019,175091,Duz,Dizel,Beyaz
639000.0,2021,77000,Duz,Dizel,Beyaz
625000.0,2019,220000,Duz,Dizel,Beyaz
779000.0,2023,18957,Duz,Benzin,Gri
1350000.0,2023,50000,Otomatik,Dizel,Füme
560000.0,2017,199500,Duz,Dizel,Beyaz
825000.0,2024,13000,Duz,Benzin,Mavi
535000.0,2017,229754,Otomatik,Dizel,Beyaz
894750.0,2020,126000,Otomatik,Dizel,Füme
699000.0,2020,74000,Duz,Dizel,Beyaz
799500.0,2022,48000,Duz,Benzin,Beyaz
647000.0,2020,114932,Duz,Dizel,Beyaz
906900.0,2023,32000,Duz,Dizel,Beyaz
670000.0,2021,60000,Duz,Benzin,Beyaz
719000.0,2017,133500,Otomatik,Benzin,Beyaz
710000.0,2021,158000,Duz,Dizel,Beyaz
1069900.0,2024,6900,Duz,Benzin,Gri
729000.0,2023,26000,Duz,Benzin,Mavi
774750.0,2020,102000,Otomatik,Dizel,Siyah
835000.0,2021,44000,Duz,Benzin,Füme
636750.0,2022,52254,Duz,Benzin,Beyaz
719750.0,2023,34000,Duz,Benzin,Beyaz
929900.0,2020,82650,Otomatik,Dizel,Gri
610000.0,2015,225000,Duz,Dizel,Füme
850000.0,2021,24350,Duz,LPG & Benzin,Beyaz
830000.0,2023,12000,Duz,Benzin,Kırmızı
739000.0,2021,70000,Duz,Dizel,Beyaz
698000.0,2023,74000,Duz,Dizel,Beyaz
814950.0,2020,59000,Otomatik,Dizel,Beyaz
749000.0,2023,70815,Duz,Benzin,Füme
759900.0,2022,43000,Duz,Dizel,Beyaz
665000.0,2018,73000,Duz,Benzin,Füme
880000.0,2023,8300,Duz,Benzin,Mavi (metalik)
735000.0,2021,44000,Duz,Benzin,Lacivert
805000.0,2020,93783,Otomatik,Dizel,Beyaz
714750.0,2023,57521,Duz,Benzin,Beyaz
1259000.0,2024,13000,Otomatik,Dizel,Füme
685000.0,2021,135450,Duz,Dizel,Beyaz
485000.0,2017,238000,Duz,Dizel,Beyaz
585000.0,2019,78000,Duz,LPG & Benzin,Beyaz
605000.0,2020,109000,Duz,Benzin,Kırmızı
769950.0,2022,46000,Duz,Dizel,Beyaz
715000.0,2021,97000,Duz,Benzin,Beyaz
887000.0,2022,90000,Otomatik,Dizel,Beyaz
805000.0,2020,140022,Otomatik,Dizel,Beyaz
520000.0,2016,251000,Duz,Dizel,Beyaz
610000.0,2017,153500,Duz,Dizel,Beyaz
1250000.0,2023,20000,Yari Otomatik,Dizel,Beyaz
610000.0,2019,87000,Duz,LPG & Benzin,Beyaz
925000.0,2022,21000,Duz,Dizel,Beyaz
715000.0,2020,31675,Duz,Benzin,Beyaz
630000.0,2019,34600,Duz,Benzin,Beyaz
645000.0,2017,204743,Yari Otomatik,Dizel,Beyaz
850000.0,2022,66000,Otomatik,Dizel,Beyaz
985000.0,2024,16500,Duz,Benzin,Yeşil
640000.0,2021,99000,Duz,Benzin,Beyaz
612000.0,2017,282000,Otomatik,Dizel,Beyaz
660000.0,2020,157000,Duz,Dizel,Beyaz
715000.0,2021,129000,Duz,Dizel,Beyaz
600000.0,2016,78100,Duz,LPG & Benzin,Beyaz
565000.0,2017,131000,Duz,Dizel,Beyaz
1019900.0,2022,53000,Yari Otomatik,Dizel,Gri
652000.0,2019,84000,Duz,Benzin,Beyaz
835000.0,2019,97000,Yari Otomatik,Dizel,Beyaz
668000.0,2021,52000,Duz,Benzin,Beyaz
750000.0,2022,37000,Duz,Benzin,Gri
835000.0,2023,14000,Duz,Benzin,Gri
650000.0,2020,107000,Duz,Dizel,Beyaz
910000.0,2024,6350,Duz,Benzin,Beyaz
880000.0,2017,102000,Otomatik,LPG & Benzin,Beyaz
660000.0,2018,69200,Duz,Benzin,Beyaz
930000.0,2024,6000,Duz,Benzin,Gri
710000.0,2020,41650,Duz,Benzin,Gri (metalik)
840000.0,2022,63000,Duz,Benzin,Beyaz
645000.0,2015,203044,Duz,Dizel,Beyaz
649000.0,2021,76955,Duz,Benzin,Beyaz
785000.0,2023,66646,Duz,Dizel,Beyaz
565000.0,2018,109000,Duz,Benzin,Beyaz
670000.0,2025,128500,Duz,Dizel,Beyaz
500000.0,2016,250000,Duz,Dizel,Beyaz
580000.0,2015,117000,Duz,Dizel,Beyaz
790000.0,2023,16500,Duz,Benzin,Gri
655000.0,2016,97000,Duz,LPG & Benzin,Gri (metalik)
635000.0,2016,194000,Duz,Dizel,Gri (Gümüş)
769000.0,2023,26000,Duz,LPG & Benzin,Mavi
770000.0,2023,13500,Duz,Benzin,Beyaz
585000.0,2016,154200,Duz,Dizel,Beyaz
590000.0,2017,106000,Duz,LPG & Benzin,Beyaz
740000.0,2020,131000,Yari Otomatik,Dizel,Beyaz
830000.0,2022,40000,Duz,Dizel,Beyaz
395000.0,2017,206000,Duz,Dizel,Beyaz
760000.0,2023,96875,Duz,Dizel,Beyaz
686900.0,2017,198000,Yari Otomatik,Dizel,Beyaz
690000.0,2019,65800,Duz,LPG & Benzin,Füme
650000.0,2017,178000,Duz,Dizel,Beyaz
460000.0,2019,41500,Duz,LPG & Benzin,Sarı
1050000.0,2021,36500,Duz,Dizel,Diğer
649500.0,2019,80000,Duz,LPG & Benzin,Beyaz
920000.0,2022,42800,Duz,Benzin,Beyaz
699500.0,2021,117000,Duz,Dizel,Beyaz
758000.0,2018,87000,Duz,Dizel,Beyaz
715000.0,2021,70000,Duz,Benzin,Beyaz
652500.0,2021,113000,Duz,LPG & Benzin,Beyaz
724000.0,2019,42000,Otomatik,Benzin,Beyaz
665000.0,2018,153000,Yari Otomatik,Dizel,Gri
665000.0,2020,52000,Duz,Benzin,Beyaz
619750.0,2020,108000,Duz,LPG & Benzin,Beyaz
755000.0,2022,17000,Duz,Benzin,Mavi (metalik)
748500.0,2023,35600,Duz,Benzin,Kırmızı
793000.0,2022,49000,Duz,Benzin,Beyaz
799500.0,2021,60000,Duz,Benzin,Turuncu
950000.0,2023,27000,Duz,LPG & Benzin,Turuncu
749000.0,2017,121000,Yari Otomatik,Dizel,Beyaz
825000.0,2022,43000,Duz,Benzin,Turuncu
1068000.0,2022,78000,Yari Otomatik,Dizel,Turuncu
1054750.0,2022,40000,Yari Otomatik,Dizel,Beyaz
751000.0,2017,131000,Yari Otomatik,Dizel,Beyaz
665000.0,2017,151200,Yari Otomatik,Dizel,Beyaz
815000.0,2020,165000,Yari Otomatik,Dizel,Beyaz
560000.0,2018,226000,Duz,Dizel,Beyaz
670000.0,2021,125000,Duz,Dizel,Beyaz
725000.0,2017,130000,Yari Otomatik,Dizel,Beyaz
835000.0,2021,73000,Duz,Dizel,Beyaz
560000.0,2017,173000,Duz,Dizel,Beyaz
800000.0,2022,66000,Duz,Dizel,Beyaz
719000.0,2019,87700,Duz,Dizel,Beyaz
970000.0,2019,47000,Otomatik,LPG & Benzin,Beyaz
820000.0,2023,18000,Duz,LPG & Benzin,Mavi (metalik)
720000.0,2019,155500,Duz,Dizel,Beyaz
780000.0,2023,13000,Duz,Benzin,Mavi (metalik)
460000.0,2016,311000,Duz,Dizel,Beyaz
639000.0,2019,30000,Duz,Benzin,Kırmızı
560000.0,2017,180000,Duz,Dizel,Beyaz
620000.0,2019,183703,Duz,Dizel,Beyaz
706750.0,2020,95898,Duz,Dizel,Beyaz
770000.0,2022,50000,Duz,Benzin,Kırmızı
625000.0,2016,82000,Duz,Benzin,Kırmızı
650000.0,2021,84000,Duz,Benzin,Kahverengi
795000.0,2020,112000,Yari Otomatik,Dizel,Beyaz
450000.0,2016,310000,Duz,Dizel,Beyaz
620000.0,2017,145980,Yari Otomatik,Dizel,Gri
1024500.0,2023,32200,Duz,Dizel,Mavi
735000.0,2020,34500,Duz,Benzin,Beyaz
739750.0,2020,209000,Yari Otomatik,Dizel,Beyaz
895000.0,2022,67679,Duz,Dizel,Beyaz
925000.0,2020,97000,Otomatik,Dizel,Gri
739900.0,2022,58750,Duz,Dizel,Beyaz
772500.0,2022,52000,Duz,Benzin,Beyaz
716750.0,2022,108000,Duz,Dizel,Beyaz
855000.0,2020,71552,Duz,Dizel,Gri
635000.0,2019,62000,Duz,LPG & Benzin,Beyaz
1150000.0,2024,6001,Duz,Dizel,Gri
855000.0,2020,113785,Yari Otomatik,Dizel,Gri
657000.0,2022,72900,Duz,Benzin,Beyaz
855000.0,2020,81170,Yari Otomatik,Dizel,Beyaz
665000.0,2020,148000,Duz,Dizel,Beyaz
825000.0,2020,54733,Yari Otomatik,Dizel,Beyaz
780000.0,2022,76000,Duz,Benzin,Füme
845000.0,2020,115986,Yari Otomatik,Dizel,Gri
985000.0,2022,35000,Otomatik,Dizel,Beyaz
825000.0,2020,69843,Yari Otomatik,Dizel,Beyaz
815000.0,2023,6001,Duz,Benzin,Gri
714900.0,2023,25000,Duz,Benzin,Beyaz
1189750.0,2024,19000,Otomatik,Dizel,Beyaz
935900.0,2022,48000,Otomatik,Dizel,Beyaz
729500.0,2016,130000,Duz,Dizel,Füme
650000.0,2018,63000,Duz,Benzin,Beyaz
1050000.0,2022,62227,Yari Otomatik,Dizel,Beyaz
825000.0,2020,106711,Yari Otomatik,Dizel,Beyaz
1075000.0,2022,40000,Otomatik,Dizel,Beyaz
900000.0,2022,53000,Duz,Benzin,Beyaz
820000.0,2023,62000,Duz,Dizel,Gri
698950.0,2020,105000,Yari Otomatik,Dizel,Beyaz
449000.0,2017,317000,Duz,Dizel,Beyaz
759900.0,2022,10000,Duz,Benzin,Füme
825000.0,2020,93592,Yari Otomatik,Dizel,Beyaz
1170000.0,2024,14500,Otomatik,Dizel,Mavi
690000.0,2019,65000,Duz,LPG & Benzin,Gri
728000.0,2023,40000,Duz,Benzin,Gri
765500.0,2022,52700,Duz,Dizel,Beyaz
829900.0,2021,27500,Duz,Benzin,Kırmızı
765000.0,2021,20000,Duz,Benzin,Gri
616450.0,2017,233000,Otomatik,Dizel,Beyaz
1117950.0,2023,49700,Otomatik,Dizel,Füme
855000.0,2020,95327,Yari Otomatik,Dizel,Gri
655000.0,2016,119000,Duz,Benzin,Gri
625000.0,2016,118500,Duz,Dizel,Beyaz
855000.0,2020,105566,Yari Otomatik,Dizel,Gri
799750.0,2022,12000,Duz,Benzin,Beyaz
794900.0,2021,89878,Duz,Dizel,Beyaz
735000.0,2023,26000,Duz,Benzin,Beyaz
764900.0,2021,59993,Duz,Benzin,Beyaz
829000.0,2021,59000,Duz,LPG & Benzin,Beyaz
835000.0,2024,15000,Duz,Benzin,Gri
790000.0,2022,36845,Duz,Benzin,Gri
738000.0,2022,72500,Duz,Benzin,Beyaz
648500.0,2020,149000,Duz,Benzin,Beyaz
641000.0,2021,107000,Duz,Benzin,Beyaz
865000.0,2024,24190,Duz,Benzin,Gri
555000.0,2019,150000,Duz,Benzin,Beyaz
835000.0,2020,70000,Otomatik,Dizel,Beyaz
619500.0,2017,182000,Duz,Dizel,Beyaz
755000.0,2021,70000,Duz,Benzin,Füme
765000.0,2021,47000,Duz,Benzin,Füme
690000.0,2020,152000,Duz,Dizel,Beyaz
710000.0,2021,77000,Duz,Benzin,Füme
630000.0,2021,110000,Duz,Benzin,Kırmızı
635000.0,2019,170000,Duz,Dizel,Beyaz
905000.0,2022,39750,Otomatik,Dizel,Beyaz
635000.0,2020,182000,Duz,Dizel,Beyaz
1245000.0,2023,57000,Otomatik,Dizel,Füme
520000.0,2019,129000,Duz,Benzin,Gri
1120000.0,2022,24000,Otomatik,Dizel,Beyaz
915000.0,2023,28500,Duz,Benzin,Gri
775000.0,2024,10225,Duz,Benzin,Gri
545000.0,2017,248000,Duz,Dizel,Beyaz
815000.0,2020,97210,Yari Otomatik,Dizel,Beyaz
889000.0,2022,90000,Otomatik,Dizel,Beyaz
905000.0,2023,14000,Duz,Benzin,Turuncu
615000.0,2021,119000,Duz,Benzin,Beyaz
875000.0,2020,125000,Otomatik,Dizel,Beyaz
895000.0,2022,19644,Duz,Benzin,Beyaz
710000.0,2017,169000,Otomatik,Dizel,Beyaz
788000.0,2019,141000,Otomatik,LPG & Benzin,Beyaz
659000.0,2019,179000,Otomatik,Dizel,Beyaz
699999.0,2017,268500,Otomatik,Dizel,Beyaz
725000.0,2023,25700,Duz,Benzin,Beyaz
805000.0,2023,25000,Duz,Dizel,Gri (Gümüş)
810000.0,2023,37000,Duz,LPG & Benzin,Mavi
569900.0,2017,171000,Duz,Dizel,Beyaz
895000.0,2024,6461,Duz,Benzin,Mavi
699750.0,2021,37000,Duz,Benzin,Beyaz
809900.0,2023,20363,Duz,Benzin,Füme
1150000.0,2022,10800,Otomatik,Dizel,Beyaz
663000.0,2020,215000,Duz,Dizel,Beyaz
435000.0,2017,234000,Duz,Dizel,Beyaz
625000.0,2016,176000,Duz,Dizel,Beyaz
960000.0,2023,65400,Otomatik,Dizel,Füme
650000.0,2020,50000,Duz,Benzin,Beyaz
790000.0,2023,109000,Duz,Dizel,Beyaz
655000.0,2016,128000,Duz,Dizel,Beyaz
785000.0,2021,68000,Duz,Dizel,Beyaz
947500.0,2024,12000,Duz,Benzin,Füme
735000.0,2023,16000,Duz,Benzin,Kahverengi
865000.0,2022,139000,Yari Otomatik,Dizel,Bej
728000.0,2022,68000,Duz,Dizel,Beyaz
860000.0,2021,20500,Duz,Benzin,Gri (titanyum)
898500.0,2023,12000,Duz,Benzin,Turuncu
742000.0,2021,120000,Duz,LPG & Benzin,Beyaz
700000.0,2023,82300,Duz,Benzin,Sarı
680000.0,2019,101000,Duz,Dizel,Beyaz
770000.0,2017,141000,Yari Otomatik,Dizel,Beyaz
760000.0,2021,64500,Duz,Benzin,Mavi
794000.0,2023,47500,Duz,Dizel,Gri
885000.0,2022,33000,Duz,LPG & Benzin,Beyaz
610000.0,2016,185000,Duz,Dizel,Beyaz
630000.0,2017,114000,Duz,Benzin,Gri
814900.0,2023,49900,Duz,Benzin,Beyaz
697500.0,2019,56000,Duz,Benzin,Beyaz
1145000.0,2022,19000,Yari Otomatik,Dizel,Füme
750000.0,2020,118000,Duz,LPG & Benzin,Gri
790000.0,2018,172000,Yari Otomatik,Dizel,Beyaz
680000.0,2019,59100,Duz,LPG & Benzin,Beyaz
755000.0,2023,24800,Duz,Benzin,Mavi
690000.0,2020,13500,Duz,Benzin,Beyaz
885000.0,2024,10000,Duz,Dizel,Beyaz
740000.0,2019,53000,Duz,Dizel,Beyaz
700000.0,2022,22000,Duz,Benzin,Beyaz
860000.0,2021,37800,Duz,LPG & Benzin,Turuncu
560000.0,2023,14000,Duz,Dizel,Beyaz
670000.0,2016,92000,Duz,Dizel,Beyaz
685000.0,2017,150000,Yari Otomatik,Dizel,Beyaz
900000.0,2020,94000,Duz,Dizel,Kırmızı
790000.0,2023,55000,Duz,LPG & Benzin,Gri
895000.0,2021,34000,Duz,Benzin,Gri
715000.0,2020,89500,Duz,Benzin,Gri
630000.0,2020,91000,Duz,LPG & Benzin,Beyaz
650000.0,2020,61000,Duz,Benzin,Yeşil
919000.0,2023,28000,Duz,Dizel,Füme
630000.0,2017,202976,Otomatik,Benzin,Beyaz
681000.0,2020,207000,Otomatik,Dizel,Beyaz
745000.0,2023,35000,Duz,Benzin,Beyaz
750000.0,2022,27000,Duz,Benzin,Gri (Gümüş)
835000.0,2023,18000,Duz,Dizel,Beyaz
680000.0,2020,114000,Duz,Dizel,Beyaz
909900.0,2024,28500,Duz,Dizel,Beyaz
710000.0,2021,29000,Duz,Benzin,Beyaz
700000.0,2017,171000,Duz,Dizel,Beyaz
745000.0,2023,35000,Duz,Benzin,Mavi
740000.0,2022,79000,Duz,Dizel,Beyaz
699000.0,2020,27000,Duz,LPG & Benzin,Beyaz
755000.0,2019,101000,Duz,Dizel,Beyaz
743000.0,2021,69500,Duz,Benzin,Kırmızı
745000.0,2022,36500,Duz,Benzin,Mavi (metalik)
755000.0,2020,88000,Duz,Dizel,Beyaz
875000.0,2023,13550,Duz,Benzin,Gri (Gümüş)
599900.0,2016,159000,Duz,Dizel,Beyaz
619000.0,2021,85000,Duz,Benzin,Beyaz
859000.0,2022,29000,Duz,Benzin,Beyaz
675000.0,2021,207500,Duz,Dizel,Beyaz
1120000.0,2021,48000,Duz,Dizel,Mavi (metalik)
830000.0,2023,26000,Duz,LPG & Benzin,Beyaz
569000.0,2017,194715,Duz,Dizel,Beyaz
589000.0,2020,112000,Duz,Dizel,Beyaz
880000.0,2023,28000,Duz,Benzin,Mavi
890000.0,2019,102000,Yari Otomatik,Dizel,Beyaz
850000.0,2023,17600,Duz,Benzin,Mavi (metalik)
899000.0,2023,14000,Duz,Benzin,Mavi (metalik)
675000.0,2017,166500,Duz,Dizel,Beyaz
840000.0,2023,12700,Duz,Benzin,Mavi
825000.0,2023,12000,Duz,Benzin,Mavi
815000.0,2024,24000,Duz,Benzin,Beyaz
670000.0,2020,157500,Duz,Dizel,Beyaz
820000.0,2023,12000,Duz,Benzin,Beyaz
585000.0,2017,301450,Duz,Dizel,Beyaz
995000.0,2022,29000,Yari Otomatik,Dizel,Füme
720000.0,2019,125000,Duz,Dizel,Beyaz
850000.0,2020,105732,Yari Otomatik,Dizel,Füme
853950.0,2022,38000,Otomatik,Benzin,Beyaz
585000.0,2016,92000,Duz,Dizel,Beyaz
615000.0,2017,180000,Duz,Dizel,Beyaz
820000.0,2023,19200,Duz,Benzin,Mavi (metalik)
852500.0,2024,13850,Duz,Benzin,Gri
675000.0,2019,178000,Yari Otomatik,Dizel,Beyaz
549000.0,2020,53000,Duz,Benzin,Kırmızı
825000.0,2022,31000,Duz,Benzin,Turuncu
815000.0,2017,85100,Yari Otomatik,Dizel,Beyaz
840000.0,2019,24000,Otomatik,Benzin,Kırmızı
820000.0,2021,29000,Duz,Benzin,Beyaz
814999.0,2022,16000,Duz,LPG & Benzin,Gri
900000.0,2016,73000,Duz,Dizel,Beyaz
1165000.0,2023,11000,Yari Otomatik,Dizel,Mavi
875000.0,2024,6666,Duz,Benzin,Beyaz
529000.0,2016,189000,Duz,Dizel,Beyaz
620000.0,2016,220000,Otomatik,Dizel,Beyaz
648500.0,2020,145000,Duz,Dizel,Beyaz
740000.0,2020,113000,Duz,Dizel,Beyaz
815000.0,2024,13700,Duz,Benzin,Gri
739000.0,2023,97000,Duz,Benzin,Beyaz
660000.0,2018,180000,Duz,Dizel,Beyaz
780000.0,2023,16500,Duz,Benzin,Füme
745500.0,2022,51000,Duz,LPG & Benzin,Beyaz
769000.0,2021,78593,Duz,Dizel,Beyaz
850000.0,2021,68000,Duz,Benzin,Mavi
845000.0,2023,19000,Duz,Dizel,Beyaz
575000.0,2017,304213,Yari Otomatik,Dizel,Beyaz
799000.0,2022,53000,Duz,Dizel,Beyaz
809750.0,2017,121500,Otomatik,Dizel,Beyaz
544900.0,2018,234000,Duz,Dizel,Beyaz
889000.0,2023,17000,Duz,Benzin,Turuncu
800000.0,2023,16000,Duz,Benzin,Mavi
649000.0,2022,83000,Duz,Benzin,Beyaz
799750.0,2021,82000,Duz,Dizel,Beyaz
835000.0,2024,20000,Duz,Benzin,Beyaz
818000.0,2017,83000,Otomatik,Dizel,Gri
885000.0,2023,21000,Duz,Benzin,Beyaz
1060000.0,2022,52145,Otomatik,Hibrit,Beyaz
725000.0,2019,101000,Otomatik,Benzin,Beyaz
725750.0,2021,142000,Duz,Dizel,Beyaz
689900.0,2021,156000,Duz,Dizel,Beyaz
715000.0,2020,151000,Duz,Dizel,Beyaz
1015000.0,2022,51000,Otomatik,Dizel,Beyaz
765000.0,2023,20000,Duz,Benzin,Gri
869900.0,2023,15000,Duz,Benzin,Mavi
610000.0,2018,82000,Duz,Benzin,Siyah
637750.0,2020,113000,Duz,LPG & Benzin,Gri
870000.0,2022,65750,Duz,Dizel,Beyaz
720000.0,2020,117000,Duz,Dizel,Beyaz
755000.0,2023,11800,Duz,Benzin,Beyaz
775000.0,2020,127500,Otomatik,Dizel,Beyaz
675000.0,2020,53000,Duz,Benzin,Füme
865000.0,2023,39000,Duz,Benzin,Mavi
795000.0,2022,66000,Duz,Benzin,Beyaz
1115000.0,2022,93000,Otomatik,Dizel,Mavi
680000.0,2022,73000,Duz,Benzin,Mavi
714500.0,2022,12000,Duz,Benzin,Beyaz
699999.0,2016,128500,Duz,Dizel,Beyaz
917000.0,2022,50000,Otomatik,Dizel,Beyaz
599750.0,2020,144000,Duz,Dizel,Beyaz
875000.0,2024,21500,Duz,Dizel,Beyaz
680000.0,2019,168000,Duz,Dizel,Beyaz
599000.0,2016,193000,Duz,Dizel,Beyaz
724900.0,2022,57611,Duz,Dizel,Beyaz
735000.0,2021,65000,Duz,Benzin,Kırmızı
655000.0,2020,79500,Duz,LPG & Benzin,Gri
759000.0,2020,130000,Duz,Dizel,Beyaz
690000.0,2021,19000,Duz,Benzin,Beyaz
620000.0,2020,120151,Yari Otomatik,Dizel,Beyaz
685000.0,2022,118000,Duz,Benzin,Beyaz
735000.0,2023,28000,Duz,Benzin,Mavi
587000.0,2019,122246,Duz,Dizel,Beyaz
552000.0,2019,178012,Duz,Dizel,Beyaz
535750.0,2016,215000,Duz,Dizel,Beyaz
779500.0,2021,82100,Duz,Dizel,Beyaz
794999.0,2017,93000,Otomatik,Dizel,Beyaz
839750.0,2020,124000,Otomatik,Dizel,Beyaz
835000.0,2021,37665,Duz,Benzin,Beyaz
640900.0,2019,87818,Duz,Benzin,Beyaz
710000.0,2020,56223,Duz,Dizel,Beyaz
515000.0,2019,216000,Duz,Dizel,Beyaz
759000.0,2022,10600,Duz,Benzin,Beyaz
828000.0,2021,38000,Duz,Dizel,Beyaz
999000.0,2022,7000,Otomatik,Dizel,Beyaz
765000.0,2018,135000,Otomatik,Dizel,Beyaz
745000.0,2015,172000,Duz,Dizel,Kahverengi
930000.0,2019,97500,Otomatik,Benzin,Gri
1100000.0,2024,17700,Otomatik,Dizel,Beyaz
759900.0,2023,43000,Duz,Dizel,Beyaz
520000.0,2020,253000,Duz,Dizel,Beyaz
769900.0,2023,25205,Duz,Benzin,Gri
869000.0,2022,67000,Otomatik,Dizel,Beyaz
530000.0,2016,189000,Duz,Dizel,Siyah
765000.0,2024,17000,Duz,Benzin,Beyaz
799000.0,2018,71000,Otomatik,LPG & Benzin,Beyaz
725000.0,2022,13000,Duz,Benzin,Beyaz
695000.0,2020,114170,Duz,Dizel,Beyaz
590000.0,2019,82000,Duz,Benzin,Beyaz
1230000.0,2023,28000,Otomatik,Dizel,Gri
807000.0,2023,55000,Duz,Benzin,Beyaz
799000.0,2017,142300,Yari Otomatik,Dizel,Beyaz
785000.0,2023,68000,Duz,Benzin,Beyaz
675000.0,2020,201901,Duz,Dizel,Beyaz
675000.0,2016,118000,Duz,Dizel,Beyaz
899000.0,2023,22000,Duz,Benzin,Füme
639750.0,2020,160000,Duz,Dizel,Beyaz
815000.0,2021,73000,Duz,Dizel,Beyaz
685000.0,2023,60000,Duz,Benzin,Beyaz
815000.0,2023,15000,Duz,Benzin,Mavi
1129000.0,2022,44000,Otomatik,Dizel,Beyaz
1040000.0,2023,7027,Otomatik,Dizel,Beyaz
664950.0,2021,70000,Duz,Benzin,Beyaz
775000.0,2022,73000,Duz,Dizel,Beyaz
609950.0,2020,187000,Otomatik,Dizel,Beyaz
735000.0,2023,14000,Duz,Benzin,Beyaz
825000.0,2024,19000,Duz,Benzin,Beyaz
732000.0,2022,85000,Duz,Dizel,Beyaz
762000.0,2023,17000,Duz,Benzin,Gri
649950.0,2016,56000,Duz,Benzin,Siyah
729900.0,2022,68215,Duz,Benzin,Beyaz
850000.0,2022,10850,Duz,Benzin,Beyaz
790000.0,2023,15941,Duz,Benzin,Gri
835000.0,2022,13000,Duz,Benzin,Beyaz
810900.0,2023,52000,Duz,Dizel,Mavi
688000.0,2021,85000,Duz,Benzin,Beyaz
550000.0,2017,254000,Duz,Dizel,Beyaz
699500.0,2020,167000,Otomatik,Dizel,Beyaz
875000.0,2023,21000,Duz,LPG & Benzin,Beyaz
825000.0,2023,40000,Duz,Dizel,Gri (Gümüş)
550000.0,2015,191867,Duz,LPG & Benzin,Kırmızı
560750.0,2016,199000,Duz,Dizel,Beyaz
650000.0,2017,148000,Otomatik,Benzin,Beyaz
765000.0,2023,18000,Duz,Benzin,Gri
634900.0,2021,185000,Duz,Dizel,Beyaz
725000.0,2021,89131,Duz,Dizel,Beyaz
785000.0,2021,76982,Duz,Dizel,Beyaz
673000.0,2020,132100,Duz,Dizel,Beyaz
799999.0,2020,114000,Yari Otomatik,Dizel,Beyaz
659000.0,2021,70000,Duz,Benzin,Beyaz
600000.0,2020,165000,Duz,Dizel,Beyaz
625000.0,2017,110500,Duz,LPG & Benzin,Beyaz
779000.0,2020,91555,Duz,Dizel,Beyaz
880000.0,2023,34527,Duz,Dizel,Beyaz
715000.0,2016,101000,Otomatik,LPG & Benzin,Gri (metalik)
849000.0,2022,70134,Duz,Dizel,Beyaz
682000.0,2021,62000,Duz,LPG & Benzin,Füme
780000.0,2023,6100,Duz,Benzin,Mavi (metalik)
645000.0,2020,51000,Duz,LPG & Benzin,Mavi (metalik)
835000.0,2021,122000,Duz,Dizel,Beyaz
599500.0,2019,142000,Duz,LPG & Benzin,Beyaz
749900.0,2020,205000,Otomatik,Dizel,Beyaz
825000.0,2022,43000,Duz,Benzin,Turuncu
783000.0,2023,43000,Duz,Benzin,Beyaz
875000.0,2024,7000,Duz,Benzin,Füme
675000.0,2021,102000,Duz,Benzin,Kırmızı
657500.0,2020,127000,Duz,Dizel,Beyaz
699900.0,2022,76000,Duz,Benzin,Beyaz
575000.0,2016,135000,Duz,Dizel,Beyaz
529000.0,2018,185000,Duz,Dizel,Beyaz
625000.0,2019,66000,Duz,Benzin,Kırmızı
680000.0,2020,90000,Duz,LPG & Benzin,Bordo
741000.0,2016,126500,Otomatik,LPG & Benzin,Beyaz
690000.0,2019,176300,Duz,Dizel,Beyaz
600000.0,2017,180000,Duz,Dizel,Beyaz
679000.0,2022,37000,Duz,Benzin,Beyaz
749950.0,2021,64000,Duz,Dizel,Beyaz
839000.0,2020,70000,Otomatik,Dizel,Beyaz
860000.0,2022,54000,Duz,Benzin,Beyaz
659950.0,2020,92000,Duz,Benzin,Beyaz
615000.0,2021,103000,Duz,Benzin,Beyaz
674000.0,2021,129000,Duz,Dizel,Beyaz
789950.0,2022,84000,Otomatik,Dizel,Beyaz
640000.0,2018,74000,Duz,Benzin,Gri
795000.0,2021,52500,Duz,Dizel,Beyaz
705000.0,2019,52500,Duz,Benzin,Beyaz
745000.0,2021,72000,Duz,Benzin,Füme
655000.0,2020,153000,Duz,Dizel,Beyaz
980000.0,2024,6500,Duz,Benzin,Beyaz
685000.0,2016,169000,Yari Otomatik,Dizel,Füme
680000.0,2017,178000,Duz,Dizel,Siyah
615000.0,2016,160000,Duz,Dizel,Beyaz
860000.0,2020,46000,Yari Otomatik,Dizel,Beyaz
695000.0,2020,54000,Duz,Benzin,Kahverengi
835000.0,2021,44885,Duz,LPG & Benzin,Beyaz
835000.0,2023,49000,Duz,Dizel,Beyaz
1350000.0,2022,28000,Yari Otomatik,Dizel,Yeşil (metalik)
695000.0,2020,93000,Duz,Benzin,Bordo
950000.0,2020,50000,Duz,Dizel,Gri
780000.0,2021,57000,Duz,Dizel,Beyaz
865000.0,2023,18500,Duz,Benzin,Mavi (metalik)
1079000.0,2024,36324,Yari Otomatik,Dizel,Mavi
835000.0,2021,17000,Duz,Benzin,Mavi (metalik)
839000.0,2023,25000,Duz,LPG & Benzin,Beyaz
774000.0,2023,72416,Duz,Dizel,Gri
720000.0,2016,113000,Otomatik,LPG & Benzin,Beyaz
845000.0,2022,18000,Duz,Benzin,Beyaz
820000.0,2020,96500,Duz,Dizel,Beyaz
672000.0,2020,104000,Duz,Dizel,Beyaz
765000.0,2023,25000,Duz,Benzin,Füme
775000.0,2023,16000,Duz,Benzin,Gri
810000.0,2019,146350,Otomatik,LPG & Benzin,Beyaz
735000.0,2022,55000,Duz,Benzin,Beyaz
950000.0,2023,26000,Duz,LPG & Benzin,Yeşil (metalik)
715000.0,2020,106000,Duz,Dizel,Beyaz
660000.0,2017,108000,Yari Otomatik,Dizel,Beyaz
715000.0,2016,174000,Otomatik,LPG & Benzin,Siyah
715000.0,2019,165000,Yari Otomatik,Dizel,Beyaz
785000.0,2023,27500,Duz,Benzin,Kırmızı
825000.0,2023,57000,Duz,Dizel,Beyaz
778000.0,2023,21670,Duz,Benzin,Mavi
625000.0,2017,145000,Otomatik,LPG & Benzin,Gri
715000.0,2020,77150,Duz,Dizel,Beyaz
700000.0,2020,40700,Duz,Benzin,Gri (Gümüş)
770000.0,2020,32300,Duz,Benzin,Füme
957500.0,2021,69550,Duz,Dizel,Turuncu
630000.0,2016,72000,Duz,LPG & Benzin,Füme
845000.0,2024,21000,Duz,Benzin,Beyaz
655000.0,2019,116300,Duz,LPG & Benzin,Beyaz
850000.0,2023,25500,Duz,Benzin,Gri
825000.0,2021,60000,Duz,Benzin,Turuncu
895000.0,2023,26000,Duz,Benzin,Beyaz
1100000.0,2021,33000,Duz,Dizel,Mavi (metalik)
690000.0,2018,134000,Duz,Dizel,Beyaz
620000.0,2020,106000,Duz,Benzin,Kırmızı
605000.0,2016,148000,Duz,Dizel,Beyaz
695000.0,2019,129500,Otomatik,Dizel,Beyaz
905000.0,2024,10000,Duz,Benzin,Mavi (metalik)
620000.0,2020,120000,Duz,Dizel,Beyaz
699000.0,2021,147000,Duz,Dizel,Beyaz
648000.0,2020,151000,Duz,Dizel,Beyaz
529000.0,2018,154000,Duz,Dizel,Gri
419900.0,2017,135000,Duz,Dizel,Beyaz
850000.0,2022,23200,Duz,Dizel,Beyaz
1050000.0,2024,11000,Duz,Benzin,Füme
825000.0,2020,89496,Yari Otomatik,Dizel,Beyaz
615000.0,2017,179000,Duz,Dizel,Beyaz
580000.0,2019,178953,Duz,Dizel,Beyaz
745000.0,2016,87000,Otomatik,LPG & Benzin,Füme
1559750.0,2024,6001,Yari Otomatik,Dizel,Yeşil (metalik)
740000.0,2020,114500,Otomatik,Dizel,Beyaz
698000.0,2019,42000,Duz,Benzin,Beyaz
945000.0,2023,6001,Duz,Benzin,Füme
773000.0,2020,13000,Duz,Benzin,Beyaz
755000.0,2021,45000,Duz,Benzin,Kırmızı
700000.0,2020,52500,Duz,Benzin,Gri (Gümüş)
565000.0,2017,145000,Duz,LPG & Benzin,Siyah
880000.0,2023,17000,Duz,Benzin,Beyaz
810000.0,2023,18700,Duz,Benzin,Beyaz
1270000.0,2023,32000,Otomatik,Hibrit,Kırmızı
565000.0,2016,303000,Otomatik,LPG & Benzin,Bordo
647000.0,2020,68500,Duz,Benzin,Beyaz
710000.0,2019,151000,Yari Otomatik,Dizel,Beyaz
815000.0,2021,37000,Duz,Benzin,Beyaz
665000.0,2019,135000,Duz,Dizel,Beyaz
700000.0,2020,102000,Duz,Dizel,Beyaz
759000.0,2021,77000,Duz,Dizel,Turuncu
794000.0,2020,137000,Yari Otomatik,Dizel,Beyaz
773000.0,2019,169000,Yari Otomatik,Dizel,Beyaz
1180000.0,2023,10710,Otomatik,LPG & Benzin,Mavi
1180000.0,2023,9611,Otomatik,LPG & Benzin,Turuncu
746900.0,2021,77000,Duz,Benzin,Beyaz
538000.0,2017,228000,Duz,Dizel,Beyaz
769000.0,2023,72820,Duz,Benzin,Beyaz
790000.0,2021,86285,Duz,Dizel,Beyaz
735000.0,2020,99000,Duz,Dizel,Beyaz
789000.0,2019,137000,Otomatik,Dizel,Beyaz
579000.0,2017,225000,Duz,Dizel,Beyaz
739000.0,2020,132000,Duz,LPG & Benzin,Beyaz
715000.0,2021,98000,Duz,Benzin,Mavi
615000.0,2017,151000,Otomatik,Dizel,Beyaz
1025000.0,2024,11500,Duz,Benzin,Gri (titanyum)
950000.0,2023,19000,Duz,LPG & Benzin,Füme
690000.0,2021,105000,Duz,Benzin,Beyaz
1180000.0,2024,13764,Otomatik,Dizel,Beyaz
795000.0,2020,59000,Duz,Dizel,Gri
618000.0,2020,186000,Duz,Dizel,Beyaz
730000.0,2021,9812,Duz,Benzin,Gri
720000.0,2022,74000,Duz,Dizel,Beyaz
780000.0,2020,100000,Otomatik,Dizel,Beyaz
639750.0,2020,158000,Duz,Dizel,Beyaz
640000.0,2019,56000,Duz,LPG & Benzin,Beyaz
1180000.0,2024,18559,Otomatik,Dizel,Beyaz
1170000.0,2024,14193,Otomatik,Dizel,Beyaz
625000.0,2020,194890,Duz,Dizel,Beyaz
799750.0,2019,72000,Duz,Dizel,Beyaz
597900.0,2020,123200,Duz,Dizel,Beyaz
789750.0,2021,92000,Duz,Dizel,Beyaz
700000.0,2016,184000,Duz,Dizel,Beyaz
895000.0,2023,30000,Duz,Benzin,Gri
394750.0,2020,230000,Duz,Dizel,Beyaz
620000.0,2019,153000,Duz,Dizel,Beyaz
795000.0,2021,93800,Duz,Dizel,Beyaz
717000.0,2022,118965,Duz,Dizel,Beyaz
733000.0,2020,180000,Duz,Dizel,Beyaz
659500.0,2017,97000,Duz,Dizel,Beyaz
768000.0,2023,20000,Duz,Benzin,Mavi
709000.0,2021,39500,Duz,Benzin,Beyaz
759500.0,2021,68700,Duz,LPG & Benzin,Mavi
358750.0,2017,125000,Duz,Dizel,Gri
1165000.0,2024,9713,Otomatik,Dizel,Beyaz
895000.0,2020,30000,Yari Otomatik,Dizel,Beyaz
719000.0,2021,54000,Duz,Dizel,Beyaz
729999.0,2020,100000,Duz,Dizel,Beyaz
898900.0,2022,74516,Yari Otomatik,Dizel,Beyaz
699500.0,2019,90000,Duz,LPG & Benzin,Gri
685000.0,2021,146000,Duz,Dizel,Beyaz
675000.0,2021,35000,Duz,Benzin,Beyaz
710000.0,2022,76000,Duz,Dizel,Beyaz
825000.0,2021,85000,Duz,Dizel,Beyaz
538000.0,2016,247000,Duz,Dizel,Beyaz
762000.0,2023,82177,Duz,Dizel,Beyaz
865000.0,2024,24000,Duz,Benzin,Mavi
595000.0,2021,255000,Duz,Benzin,Füme
625000.0,2020,154051,Duz,Dizel,Beyaz
947000.0,2020,95000,Yari Otomatik,Dizel,Bej
629000.0,2020,186600,Duz,Dizel,Beyaz
867000.0,2021,26000,Duz,LPG & Benzin,Beyaz
787500.0,2023,48000,Duz,Dizel,Mavi
725000.0,2023,36000,Duz,Benzin,Füme
727500.0,2020,60000,Duz,Dizel,Beyaz
745000.0,2020,160000,Duz,Dizel,Beyaz
1060000.0,2023,26243,Duz,Dizel,Mavi
587900.0,2017,175000,Duz,Dizel,Beyaz
1180000.0,2024,17478,Otomatik,Dizel,Beyaz
879000.0,2023,57914,Duz,Benzin,Turuncu
665000.0,2017,127000,Duz,Dizel,Beyaz
769500.0,2021,49000,Duz,Benzin,Lacivert
674500.0,2021,74000,Duz,Dizel,Beyaz
765500.0,2022,62300,Duz,Dizel,Beyaz
725000.0,2019,120000,Duz,Dizel,Beyaz
715000.0,2022,51000,Duz,Benzin,Beyaz
655000.0,2020,152000,Duz,Dizel,Beyaz
839000.0,2022,98000,Otomatik,Dizel,Beyaz
965000.0,2023,76000,Otomatik,Dizel,Beyaz
625000.0,2020,135000,Duz,Benzin,Beyaz
595000.0,2019,199000,Duz,Dizel,Beyaz
785000.0,2022,65000,Duz,Dizel,Beyaz
1180000.0,2024,13742,Otomatik,Dizel,Beyaz
630000.0,2019,69000,Duz,Benzin,Beyaz
859000.0,2021,54000,Duz,Benzin,Beyaz
840000.0,2020,134398,Otomatik,Dizel,Beyaz
589000.0,2017,212000,Otomatik,Dizel,Beyaz
1100000.0,2024,37915,Otomatik,Dizel,Mavi
695000.0,2019,112000,Duz,Dizel,Beyaz
749000.0,2023,20000,Duz,Benzin,Beyaz
685000.0,2020,57000,Duz,Benzin,Gri
789900.0,2021,87000,Duz,Dizel,Beyaz
1110000.0,2022,24700,Otomatik,Dizel,Beyaz
675000.0,2016,111700,Duz,Dizel,Beyaz
815000.0,2023,25750,Duz,Benzin,Gri
709750.0,2022,65000,Duz,Benzin,Mavi
1125000.0,2022,24302,Otomatik,Dizel,Beyaz
945000.0,2023,6001,Duz,Benzin,Gri
770000.0,2020,134000,Otomatik,Dizel,Beyaz
670000.0,2020,145000,Duz,Dizel,Beyaz
679000.0,2021,107514,Duz,Dizel,Beyaz
1019000.0,2023,21551,Otomatik,Dizel,Beyaz
640000.0,2020,120000,Duz,Dizel,Beyaz
855000.0,2022,65000,Duz,Dizel,Beyaz
690000.0,2020,58000,Duz,Benzin,Gri
795000.0,2021,66000,Duz,Benzin,Mavi
785000.0,2021,77000,Duz,Dizel,Beyaz
749000.0,2024,11000,Duz,Benzin,Füme
809000.0,2021,57000,Duz,Benzin,Mavi
600000.0,2020,114400,Duz,Benzin,Beyaz
1185000.0,2024,9391,Otomatik,Dizel,Beyaz
645000.0,2020,100000,Duz,Dizel,Beyaz
579000.0,2019,223000,Duz,Dizel,Beyaz
500000.0,2017,215000,Duz,Dizel,Beyaz
989900.0,2023,52852,Duz,Dizel,Mavi
895000.0,2022,84500,Yari Otomatik,Dizel,Beyaz
585000.0,2021,16000,Duz,Benzin,Beyaz
680000.0,2020,154832,Duz,Dizel,Beyaz
745000.0,2017,101000,Duz,Dizel,Beyaz
880000.0,2022,77000,Duz,Dizel,Beyaz
797500.0,2023,47000,Duz,Benzin,Füme
725000.0,2022,20000,Duz,Benzin,Beyaz
870000.0,2023,76000,Duz,Benzin,Füme
725000.0,2021,133000,Duz,Dizel,Beyaz
750000.0,2020,21000,Duz,Benzin,Kırmızı
500000.0,2016,235000,Duz,Dizel,Beyaz
865000.0,2023,47697,Duz,Benzin,Beyaz
570000.0,2017,247000,Duz,LPG & Benzin,Gri (Gümüş)
645000.0,2018,93000,Duz,Benzin,Beyaz
705000.0,2021,31000,Duz,Benzin,Beyaz
589900.0,2019,121000,Duz,LPG & Benzin,Beyaz
649500.0,2020,127000,Duz,Dizel,Beyaz
590000.0,2019,72000,Duz,LPG & Benzin,Beyaz
780000.0,2021,47500,Duz,Benzin,Beyaz
658000.0,2016,112000,Duz,Benzin,Mavi (metalik)
645000.0,2016,194700,Duz,Dizel,Beyaz
645000.0,2020,139850,Duz,Dizel,Beyaz
510000.0,2015,266000,Duz,Dizel,Füme
925000.0,2024,21000,Duz,Dizel,Beyaz
779000.0,2023,8300,Duz,Benzin,Füme
600000.0,2018,157500,Duz,Dizel,Beyaz
715000.0,2015,95000,Duz,Dizel,Beyaz
840000.0,2021,65000,Duz,LPG & Benzin,Beyaz
580000.0,2018,289000,Duz,Dizel,Beyaz
690000.0,2019,115000,Duz,LPG & Benzin,Bej
605000.0,2021,128000,Duz,Benzin,Beyaz
825000.0,2022,59000,Duz,Benzin,Beyaz
547500.0,2019,204000,Duz,LPG & Benzin,Beyaz
629999.0,2021,184000,Duz,Dizel,Beyaz
515000.0,2016,128000,Duz,Benzin,Beyaz
730000.0,2020,40000,Duz,Benzin,Gri
620000.0,2017,215000,Duz,Dizel,Beyaz
600000.0,2016,165000,Duz,LPG & Benzin,Beyaz
600000.0,2018,245000,Duz,Dizel,Beyaz
270000.0,2019,164000,Duz,Dizel,Beyaz
779000.0,2022,63988,Duz,Dizel,Beyaz
550000.0,2015,223000,Duz,Dizel,Beyaz
550000.0,2017,167000,Duz,LPG & Benzin,Beyaz
689000.0,2017,174432,Duz,Dizel,Beyaz
850000.0,2020,75000,Duz,Dizel,Beyaz
744000.0,2021,52000,Duz,Benzin,Turuncu
579950.0,2018,169896,Duz,Dizel,Beyaz
618000.0,2018,128600,Duz,Dizel,Beyaz
700000.0,2021,25000,Duz,Benzin,Beyaz
800000.0,2021,73000,Duz,LPG & Benzin,Beyaz
785000.0,2022,21500,Duz,Benzin,Beyaz
675000.0,2018,143000,Duz,Dizel,Beyaz
575000.0,2017,110000,Duz,LPG & Benzin,Beyaz
696000.0,2021,72000,Duz,Benzin,Beyaz
555000.0,2016,175000,Duz,Dizel,Beyaz
660000.0,2019,123000,Duz,LPG & Benzin,Beyaz
599000.0,2017,224000,Yari Otomatik,Dizel,Beyaz
645000.0,2021,135000,Duz,Benzin,Mavi
470000.0,2016,209000,Duz,Dizel,Beyaz
785000.0,2016,59500,Duz,Dizel,Kırmızı
705000.0,2020,51000,Duz,LPG & Benzin,Beyaz
739000.0,2019,182500,Yari Otomatik,Dizel,Mavi (metalik)
1470000.0,2024,8500,Otomatik,Dizel,Beyaz
855000.0,2021,45000,Duz,Dizel,Beyaz
839900.0,2020,120635,Otomatik,Dizel,Beyaz
685000.0,2020,80000,Duz,Dizel,Beyaz
598000.0,2020,171000,Duz,Dizel,Beyaz
719000.0,2021,125000,Duz,Dizel,Beyaz
570000.0,2019,140000,Duz,Dizel,Beyaz
650000.0,2020,84000,Duz,Dizel,Diğer
660000.0,2019,168000,Yari Otomatik,Dizel,Beyaz
765000.0,2019,192000,Yari Otomatik,Dizel,Beyaz
595000.0,2017,208350,Duz,Dizel,Beyaz
813000.0,2023,25600,Duz,Benzin,Mavi
697900.0,2017,275118,Otomatik,Benzin,Gri
910000.0,2022,31000,Otomatik,Dizel,Beyaz
589900.0,2019,234126,Duz,Dizel,Beyaz
860000.0,2023,6800,Duz,Dizel,Beyaz
905000.0,2023,24500,Duz,Benzin,Gri (metalik)
810000.0,2023,21000,Duz,Benzin,Mavi
865000.0,2017,64000,Otomatik,LPG & Benzin,Siyah
650000.0,2021,151000,Duz,Benzin,Beyaz
760000.0,2021,97500,Duz,LPG & Benzin,Mavi (metalik)
759500.0,2020,136000,Yari Otomatik,Dizel,Füme
675000.0,2023,73000,Duz,Benzin,Beyaz
795000.0,2016,81000,Duz,Dizel,Beyaz
774000.0,2023,19000,Duz,Benzin,Gri (Gümüş)
682000.0,2020,34350,Duz,LPG & Benzin,Füme
629000.0,2020,141000,Duz,Benzin,Beyaz
590000.0,2018,158000,Duz,Dizel,Beyaz
718000.0,2019,40880,Duz,LPG & Benzin,Kırmızı
1490000.0,2024,7800,Otomatik,Dizel,Mavi
860000.0,2022,18500,Duz,Dizel,Beyaz
830000.0,2021,40000,Duz,Benzin,Mavi
565000.0,2017,200775,Duz,Dizel,Beyaz
883000.0,2022,68000,Yari Otomatik,Dizel,Beyaz
645000.0,2021,137000,Duz,Benzin,Gri
509900.0,2018,219000,Duz,Benzin,Beyaz
685000.0,2017,123000,Duz,Dizel,Beyaz
690000.0,2019,74000,Duz,Benzin,Beyaz
700000.0,2018,138000,Duz,Dizel,Beyaz
675000.0,2019,54000,Duz,LPG & Benzin,Gri (metalik)
720000.0,2021,82000,Duz,Benzin,Gri (metalik)
635000.0,2020,30600,Duz,LPG & Benzin,Beyaz
720000.0,2021,60000,Duz,LPG & Benzin,Beyaz
582000.0,2019,140000,Duz,LPG & Benzin,Beyaz
590000.0,2019,130000,Duz,LPG & Benzin,Beyaz
705000.0,2020,65000,Duz,LPG & Benzin,Beyaz
615000.0,2020,71300,Duz,LPG & Benzin,Gri (metalik)
565000.0,2017,240326,Yari Otomatik,Dizel,Beyaz
610000.0,2017,130000,Duz,Dizel,Beyaz
845000.0,2020,116129,Yari Otomatik,Dizel,Beyaz
710000.0,2020,79000,Duz,Benzin,Kırmızı
670000.0,2020,33500,Duz,Benzin,Beyaz
619000.0,2016,129000,Duz,Dizel,Beyaz
529000.0,2017,207000,Duz,LPG & Benzin,Siyah
808950.0,2023,49000,Duz,Dizel,Füme
880000.0,2024,10500,Duz,Benzin,Gri
900000.0,2021,53500,Duz,Benzin,Turuncu
737500.0,2020,43800,Duz,LPG & Benzin,Gri
755000.0,2022,43000,Duz,LPG & Benzin,Beyaz
680000.0,2019,70000,Duz,Benzin,Gri
685000.0,2019,49600,Duz,Benzin,Gri (metalik)
854950.0,2020,27000,Otomatik,Dizel,Beyaz
645000.0,2018,144500,Duz,Dizel,Beyaz
600000.0,2019,55000,Duz,LPG & Benzin,Gri
697500.0,2016,85123,Duz,Dizel,Beyaz
579900.0,2018,155000,Duz,Dizel,Beyaz
670000.0,2015,91000,Duz,Dizel,Mavi
580000.0,2018,91800,Duz,LPG & Benzin,Beyaz
825000.0,2021,44457,Duz,Benzin,Beyaz
459000.0,2017,311000,Duz,Dizel,Beyaz
859999.0,2023,58000,Duz,Benzin,Turuncu
620000.0,2020,60000,Duz,LPG & Benzin,Beyaz
515000.0,2017,188000,Duz,Dizel,Beyaz
1244000.0,2024,6001,Otomatik,Dizel,Mavi
854950.0,2022,57000,Otomatik,Dizel,Beyaz
695000.0,2018,75500,Duz,Dizel,Gri (metalik)
629900.0,2020,132000,Duz,Dizel,Beyaz
559900.0,2019,138000,Duz,Benzin,Beyaz
685000.0,2020,151000,Duz,Dizel,Kırmızı
787950.0,2019,73000,Otomatik,Dizel,Beyaz
455000.0,2016,180000,Otomatik,Benzin,Beyaz
690000.0,2019,108000,Duz,LPG & Benzin,Beyaz
779900.0,2023,20000,Duz,Benzin,Bej
1044900.0,2024,6001,Duz,Benzin,Beyaz
650000.0,2020,186000,Duz,Dizel,Beyaz
839900.0,2022,113000,Duz,Dizel,Beyaz
795000.0,2021,18000,Duz,LPG & Benzin,Şampanya
668000.0,2021,112000,Duz,Benzin,Beyaz
859500.0,2019,88500,Otomatik,Dizel,Beyaz
685000.0,2015,127000,Duz,Dizel,Beyaz
1350000.0,2024,6100,Yari Otomatik,Dizel,Gri
650000.0,2020,135000,Duz,Dizel,Beyaz
637500.0,2017,107000,Duz,LPG & Benzin,Beyaz
698500.0,2019,61000,Duz,LPG & Benzin,Beyaz
788000.0,2021,87000,Duz,Dizel,Beyaz
1190000.0,2024,18919,Otomatik,Dizel,Beyaz
739750.0,2017,93500,Duz,Dizel,Beyaz
835000.0,2023,22000,Duz,Benzin,Mavi
658000.0,2020,124000,Duz,Dizel,Beyaz
635000.0,2020,175000,Duz,Dizel,Beyaz
670000.0,2020,121000,Duz,Dizel,Beyaz
639000.0,2015,245000,Yari Otomatik,Dizel,Mavi (metalik)
955000.0,2024,27000,Duz,Dizel,Gri
665000.0,2020,39000,Duz,Benzin,Beyaz
765000.0,2020,98000,Duz,Dizel,Beyaz
698750.0,2018,158000,Duz,Dizel,Beyaz
575500.0,2019,132000,Duz,Benzin,Beyaz
745000.0,2021,81000,Duz,Dizel,Beyaz
660000.0,2021,91000,Duz,Dizel,Bej
727750.0,2018,145000,Duz,Dizel,Beyaz
768000.0,2023,13000,Duz,Benzin,Füme
570000.0,2016,174000,Duz,LPG & Benzin,Beyaz
597000.0,2021,150000,Duz,LPG & Benzin,Füme
810000.0,2020,123947,Duz,Dizel,Beyaz
761000.0,2023,19000,Duz,LPG & Benzin,Lacivert
870000.0,2024,9800,Duz,LPG & Benzin,Mavi
1138900.0,2024,16600,Otomatik,Dizel,Beyaz
590000.0,2019,220000,Yari Otomatik,Dizel,Beyaz
710000.0,2016,166000,Yari Otomatik,Dizel,Beyaz
585000.0,2018,140000,Duz,LPG & Benzin,Füme
750000.0,2023,10000,Duz,Benzin,Beyaz
520000.0,2017,200000,Duz,Dizel,Beyaz
695750.0,2021,85000,Duz,Dizel,Beyaz
738750.0,2022,28150,Duz,Benzin,Beyaz
695000.0,2017,149500,Duz,Dizel,Lacivert
760000.0,2021,67500,Duz,LPG & Benzin,Mavi
979500.0,2017,58800,Otomatik,Dizel,Beyaz
799000.0,2021,68500,Duz,Benzin,Beyaz
609000.0,2016,187000,Duz,Dizel,Beyaz
825000.0,2023,68000,Duz,Dizel,Beyaz
642000.0,2019,57000,Duz,Benzin,Gri
633000.0,2019,158000,Duz,Dizel,Beyaz
705000.0,2020,96000,Duz,Dizel,Beyaz
585000.0,2017,191600,Duz,Dizel,Beyaz
735000.0,2020,134899,Yari Otomatik,Dizel,Beyaz
855000.0,2021,58000,Duz,Benzin,Turuncu
1125000.0,2023,49000,Otomatik,Dizel,Füme
767000.0,2020,140000,Otomatik,Dizel,Beyaz
1199000.0,2023,11000,Otomatik,LPG & Benzin,Mavi
599850.0,2020,135000,Duz,Benzin,Beyaz
835000.0,2024,9700,Duz,Benzin,Gri
750000.0,2022,45000,Duz,Benzin,Beyaz
757000.0,2020,58000,Duz,Dizel,Beyaz
639000.0,2021,115000,Duz,Dizel,Beyaz
638900.0,2017,60000,Duz,Benzin,Kırmızı
929750.0,2024,7000,Duz,Benzin,Beyaz
890000.0,2023,12750,Duz,Benzin,Mavi
767000.0,2022,80000,Duz,Benzin,Beyaz
889750.0,2024,15000,Duz,Benzin,Gri
769000.0,2022,73000,Duz,Dizel,Beyaz
769750.0,2023,24000,Duz,Benzin,Füme
734900.0,2022,45157,Duz,Benzin,Beyaz
679000.0,2021,110000,Duz,Dizel,Beyaz
867750.0,2022,73743,Otomatik,Dizel,Beyaz
784900.0,2022,67000,Duz,Dizel,Beyaz
710000.0,2016,104000,Duz,Dizel,Beyaz
709900.0,2022,58411,Duz,Dizel,Beyaz
499500.0,2020,306000,Duz,Dizel,Beyaz
1165000.0,2023,39500,Otomatik,Dizel,Mavi
869750.0,2024,6100,Duz,Benzin,Beyaz
778000.0,2024,20000,Duz,Benzin,Mavi
685000.0,2020,80026,Duz,Benzin,Kırmızı
899750.0,2024,6001,Duz,Benzin,Gri
719850.0,2022,77000,Duz,Benzin,Füme
899750.0,2024,7000,Duz,Benzin,Mavi
959750.0,2022,42000,Otomatik,Dizel,Beyaz
665750.0,2022,55000,Duz,Benzin,Füme
600000.0,2018,148000,Duz,LPG & Benzin,Beyaz
730000.0,2023,20500,Duz,Benzin,Beyaz
599999.0,2019,149000,Duz,Benzin,Beyaz
780000.0,2021,107000,Duz,Dizel,Beyaz
730000.0,2020,153000,Otomatik,Dizel,Beyaz
745900.0,2022,92000,Duz,Dizel,Beyaz
760000.0,2020,126500,Otomatik,Dizel,Beyaz
724900.0,2021,115000,Duz,Dizel,Beyaz
770000.0,2022,36000,Duz,LPG & Benzin,Turuncu
715000.0,2021,133000,Duz,Dizel,Beyaz
645000.0,2016,237000,Yari Otomatik,Dizel,Gri
579000.0,2019,75000,Duz,Dizel,Beyaz
899750.0,2024,6001,Duz,Benzin,Mavi
838000.0,2023,15000,Duz,Dizel,Beyaz
629750.0,2019,106000,Duz,Benzin,Beyaz
685000.0,2022,77000,Duz,Dizel,Beyaz
643000.0,2016,153300,Duz,LPG & Benzin,Beyaz
720000.0,2017,146000,Duz,Dizel,Beyaz
785000.0,2022,13000,Duz,Benzin,Beyaz
779900.0,2022,36448,Duz,Benzin,Beyaz
885000.0,2022,14900,Duz,Benzin,Mavi
791000.0,2023,30000,Duz,Benzin,Füme
630000.0,2017,190000,Duz,Dizel,Beyaz
669000.0,2017,151155,Duz,Dizel,Beyaz
748500.0,2020,43000,Duz,LPG & Benzin,Kırmızı
921500.0,2022,72000,Yari Otomatik,Dizel,Beyaz
530000.0,2017,178000,Duz,Dizel,Mavi
765000.0,2021,51000,Duz,Benzin,Beyaz
880000.0,2020,39000,Otomatik,Dizel,Beyaz
755000.0,2023,38000,Duz,Benzin,Gri
640000.0,2017,158860,Duz,Dizel,Beyaz
785000.0,2021,55485,Duz,Benzin,Gri (metalik)
830000.0,2020,104455,Yari Otomatik,Dizel,Siyah
647000.0,2020,103750,Duz,Dizel,Beyaz
540000.0,2017,227000,Duz,Dizel,Beyaz
585000.0,2020,229000,Duz,Dizel,Beyaz
715000.0,2020,51000,Duz,Benzin,Beyaz
770000.0,2023,13000,Duz,Benzin,Mavi (metalik)
675000.0,2019,79500,Duz,Dizel,Beyaz
545000.0,2017,175000,Duz,Benzin,Gri
750000.0,2020,79000,Duz,Dizel,Beyaz
607000.0,2019,24000,Duz,Benzin,Gri
600000.0,2019,225817,Duz,Dizel,Beyaz
585000.0,2019,105000,Duz,Benzin,Gri
695500.0,2021,119000,Duz,Dizel,Beyaz
620000.0,2016,145000,Duz,LPG & Benzin,Gri (Gümüş)
610000.0,2015,235000,Duz,Dizel,Bordo
710000.0,2022,32000,Duz,Benzin,Beyaz
765000.0,2021,63000,Duz,Benzin,Bej
785000.0,2023,32000,Duz,LPG & Benzin,Beyaz
725000.0,2019,102000,Duz,Dizel,Beyaz
1055000.0,2022,42500,Yari Otomatik,Dizel,Beyaz
749999.0,2020,70000,Duz,Benzin,Mavi
780000.0,2016,123000,Otomatik,Benzin,Beyaz
695000.0,2020,107000,Duz,Benzin,Gri
671000.0,2017,54400,Duz,LPG & Benzin,Beyaz
565000.0,2016,177000,Duz,Dizel,Beyaz
630000.0,2015,121000,Duz,LPG & Benzin,Beyaz
610000.0,2017,139000,Duz,Dizel,Beyaz
750000.0,2023,12700,Duz,Benzin,Gri (metalik)
689000.0,2020,83000,Duz,LPG & Benzin,Beyaz
458900.0,2017,213000,Duz,Dizel,Beyaz
760000.0,2023,31500,Duz,Benzin,Mavi
719000.0,2018,69000,Duz,Benzin,Beyaz
765000.0,2017,113000,Duz,Dizel,Beyaz
795000.0,2023,35000,Duz,Benzin,Mavi
925000.0,2024,9500,Duz,Benzin,Beyaz
660000.0,2019,40000,Duz,LPG & Benzin,Beyaz
750000.0,2020,46500,Duz,Benzin,Kırmızı
700000.0,2016,140000,Otomatik,Dizel,Kırmızı
610000.0,2018,204000,Duz,Dizel,Beyaz
955000.0,2023,31000,Duz,Benzin,Turuncu
825000.0,2021,32450,Duz,Benzin,Mavi
620000.0,2017,92500,Duz,LPG & Benzin,Beyaz
674000.0,2017,121000,Duz,Dizel,Beyaz
585000.0,2017,229000,Duz,Dizel,Beyaz
920000.0,2023,13500,Duz,Benzin,Mavi
648000.0,2020,85500,Duz,LPG & Benzin,Beyaz
910000.0,2023,27000,Duz,Benzin,Turuncu
850000.0,2022,20500,Duz,Benzin,Beyaz
355000.0,2016,210000,Duz,Dizel,Siyah
830000.0,2019,90000,Otomatik,Dizel,Beyaz
858000.0,2022,33000,Duz,Benzin,Beyaz
610000.0,2016,170000,Duz,Dizel,Beyaz
725000.0,2020,40000,Duz,Benzin,Beyaz
1100000.0,2020,71000,Yari Otomatik,Dizel,Füme
910000.0,2022,48000,Duz,Dizel,Beyaz
552500.0,2017,258000,Duz,Dizel,Beyaz
765000.0,2022,37000,Duz,Benzin,Beyaz
683000.0,2020,108000,Duz,Dizel,Beyaz
810000.0,2021,36000,Duz,LPG & Benzin,Beyaz
797500.0,2023,40000,Duz,Benzin,Füme
550000.0,2020,99000,Duz,Benzin,Altın
585000.0,2017,168000,Yari Otomatik,Dizel,Beyaz
750000.0,2017,123000,Duz,Dizel,Beyaz
809750.0,2020,144000,Otomatik,Dizel,Beyaz
855000.0,2022,21000,Duz,Benzin,Beyaz
590000.0,2017,165000,Duz,Dizel,Beyaz
755000.0,2020,70000,Duz,Dizel,Beyaz
650000.0,2021,168000,Duz,Dizel,Beyaz
815000.0,2020,84000,Duz,Dizel,Beyaz
735000.0,2019,78000,Duz,LPG & Benzin,Beyaz
800000.0,2023,74659,Duz,Dizel,Beyaz
349000.0,2020,655000,Duz,Dizel,Sarı
700000.0,2017,127000,Duz,Dizel,Beyaz
555000.0,2016,178000,Duz,Dizel,Beyaz
835000.0,2020,55500,Duz,Dizel,Füme
900000.0,2023,13000,Duz,LPG & Benzin,Mavi
630000.0,2016,245000,Yari Otomatik,Dizel,Beyaz
835000.0,2020,41000,Duz,Dizel,Beyaz
430000.0,2019,590000,Duz,Dizel,Beyaz
625000.0,2019,121000,Duz,LPG & Benzin,Beyaz
870000.0,2021,58000,Duz,Benzin,Turuncu
658000.0,2016,143000,Duz,Dizel,Beyaz
700000.0,2020,78000,Duz,LPG & Benzin,Füme
757000.0,2023,119300,Duz,Dizel,Beyaz
589000.0,2018,175000,Duz,Dizel,Beyaz
735000.0,2023,19000,Duz,Benzin,Mavi
654900.0,2020,164000,Otomatik,Dizel,Beyaz
690000.0,2017,155000,Duz,Dizel,Beyaz
567500.0,2020,199000,Duz,Dizel,Beyaz
650000.0,2020,160000,Duz,Dizel,Beyaz
665000.0,2021,60000,Duz,Benzin,Beyaz
735000.0,2020,97000,Duz,Dizel,Gri (metalik)
734900.0,2020,108522,Otomatik,Dizel,Beyaz
830000.0,2022,31000,Duz,Dizel,Beyaz
810000.0,2017,65000,Otomatik,LPG & Benzin,Beyaz
765000.0,2019,130000,Otomatik,Dizel,Beyaz
840000.0,2023,6001,Duz,Benzin,Beyaz
1054750.0,2022,40000,Otomatik,Dizel,Beyaz
669000.0,2020,165000,Duz,Dizel,Gri
790000.0,2021,61000,Duz,Benzin,Beyaz
420000.0,2016,275000,Duz,Dizel,Beyaz
840000.0,2023,42857,Duz,Dizel,Beyaz
855000.0,2021,54000,Duz,LPG & Benzin,Mavi
1030000.0,2023,14958,Duz,Dizel,Mavi
640000.0,2020,58000,Duz,Benzin,Beyaz
869000.0,2018,99000,Otomatik,Dizel,Beyaz
795000.0,2020,138000,Yari Otomatik,Dizel,Beyaz
670000.0,2021,91000,Duz,Benzin,Beyaz
790000.0,2023,52000,Duz,Dizel,Beyaz
585000.0,2019,206000,Duz,Dizel,Beyaz
651000.0,2020,42000,Duz,Benzin,Gri
800000.0,2022,13338,Yari Otomatik,Dizel,Beyaz
799950.0,2023,28000,Duz,Benzin,Beyaz
825000.0,2022,39000,Duz,Dizel,Beyaz
659000.0,2017,219000,Otomatik,Dizel,Beyaz
525000.0,2016,225000,Duz,Dizel,Beyaz
867000.0,2022,72000,Otomatik,Dizel,Beyaz
569900.0,2020,132000,Duz,Dizel,Beyaz
830000.0,2022,52865,Duz,Dizel,Beyaz
747000.0,2020,25000,Duz,Benzin,Gri (titanyum)
636000.0,2020,170000,Duz,Dizel,Beyaz
689900.0,2021,143000,Duz,Dizel,Beyaz
740000.0,2023,33000,Duz,Benzin,Yeşil (metalik)
830000.0,2022,35000,Duz,Dizel,Beyaz
820000.0,2021,127400,Duz,Dizel,Beyaz
755000.0,2022,76000,Duz,LPG & Benzin,Beyaz
895000.0,2022,70577,Duz,Dizel,Beyaz
550000.0,2020,124000,Duz,Benzin,Bordo
745000.0,2020,44000,Duz,Dizel,Beyaz
585000.0,2016,258000,Duz,Dizel,Beyaz
570000.0,2019,219000,Duz,Benzin,Beyaz
645000.0,2021,80000,Duz,Benzin,Füme
745000.0,2022,49000,Duz,Dizel,Beyaz
695000.0,2019,112000,Duz,Dizel,Beyaz
687750.0,2022,132000,Duz,Dizel,Beyaz
705000.0,2023,70000,Duz,Benzin,Mavi
625000.0,2016,152000,Duz,Dizel,Beyaz
715000.0,2020,93000,Duz,Dizel,Beyaz
730000.0,2021,67597,Duz,Benzin,Beyaz
975000.0,2023,62205,Otomatik,Dizel,Beyaz
955000.0,2023,9850,Duz,Benzin,Gri
605800.0,2017,183250,Duz,LPG & Benzin,Beyaz
725000.0,2022,66000,Duz,Benzin,Beyaz
835000.0,2024,11120,Duz,Benzin,Gri
600000.0,2018,272000,Duz,Dizel,Beyaz
800000.0,2022,49000,Duz,Benzin,Füme
550000.0,2017,208100,Duz,Dizel,Beyaz
845000.0,2021,201000,Duz,Dizel,Beyaz
655000.0,2020,98000,Duz,Dizel,Beyaz
650000.0,2017,165000,Duz,Dizel,Beyaz
865000.0,2022,79000,Otomatik,Dizel,Füme
1205000.0,2024,6001,Duz,Dizel,Beyaz
695000.0,2021,61000,Duz,Benzin,Beyaz
649850.0,2021,89000,Duz,Dizel,Beyaz
650000.0,2017,229000,Yari Otomatik,Dizel,Beyaz
785000.0,2024,19000,Duz,Benzin,Beyaz
835000.0,2024,10230,Duz,Benzin,Gri
789750.0,2022,49000,Duz,Dizel,Beyaz
1235000.0,2022,73913,Otomatik,Hibrit,Mavi (metalik)
687500.0,2017,180000,Otomatik,Dizel,Beyaz
649000.0,2020,59000,Duz,Benzin,Beyaz
668750.0,2017,97000,Duz,LPG & Benzin,Kırmızı
765000.0,2021,75000,Duz,Dizel,Beyaz
585000.0,2020,140000,Duz,Dizel,Beyaz
825000.0,2019,100000,Otomatik,Dizel,Beyaz
530000.0,2017,243000,Duz,Dizel,Beyaz
765000.0,2021,49500,Duz,Benzin,Beyaz
773000.0,2022,38300,Duz,Benzin,Gri
689000.0,2018,58000,Duz,Dizel,Beyaz
645000.0,2021,97300,Duz,Benzin,Beyaz
720000.0,2022,98000,Duz,Benzin,Mavi
725000.0,2023,53000,Duz,Benzin,Beyaz
1140000.0,2023,113000,Otomatik,Dizel,Lacivert
808000.0,2020,83000,Otomatik,Dizel,Beyaz
765000.0,2021,120000,Duz,Dizel,Beyaz
800000.0,2022,14500,Duz,Benzin,Beyaz
689500.0,2019,103000,Duz,Dizel,Beyaz
660000.0,2019,134000,Duz,Dizel,Beyaz
677500.0,2020,123999,Duz,Dizel,Beyaz
845000.0,2023,30000,Duz,Benzin,Turuncu
560000.0,2016,132000,Duz,Benzin,Beyaz
625000.0,2017,204000,Otomatik,Dizel,Beyaz
885000.0,2024,6001,Duz,Benzin,Mavi
820000.0,2020,6600,Duz,Benzin,Bej
1070000.0,2024,6750,Duz,Benzin,Gri (metalik)
745000.0,2020,59000,Duz,Benzin,Kırmızı
645000.0,2016,148000,Duz,LPG & Benzin,Bordo
510000.0,2015,211000,Duz,Dizel,Beyaz
780000.0,2023,75000,Duz,Dizel,Beyaz
850000.0,2021,57000,Duz,Benzin,Beyaz
845000.0,2022,31000,Duz,Dizel,Beyaz
865000.0,2021,35000,Duz,Benzin,Beyaz
585000.0,2019,143000,Duz,Benzin,Beyaz
789000.0,2022,68500,Duz,Benzin,Beyaz
970000.0,2024,10800,Duz,Benzin,Beyaz
525000.0,2018,209328,Duz,Dizel,Beyaz
835000.0,2021,117800,Duz,Dizel,Beyaz
820000.0,2023,10000,Duz,Benzin,Beyaz
810000.0,2020,16762,Duz,Benzin,Beyaz
855000.0,2020,52000,Duz,Dizel,Beyaz
637000.0,2020,169000,Otomatik,Dizel,Beyaz
850000.0,2023,12000,Duz,LPG & Benzin,Beyaz
850000.0,2021,43500,Duz,Benzin,Gri
809500.0,2021,67400,Duz,Benzin,Beyaz
860000.0,2023,6001,Duz,Benzin,Gri
438000.0,2016,225000,Duz,Dizel,Beyaz
677500.0,2019,87500,Duz,Benzin,Beyaz
619000.0,2020,170000,Duz,Dizel,Beyaz
840000.0,2023,17000,Duz,Benzin,Turuncu
903250.0,2022,59000,Duz,Dizel,Beyaz
895000.0,2020,114000,Yari Otomatik,Dizel,Beyaz
519000.0,2017,183000,Duz,Dizel,Beyaz
900000.0,2023,12000,Duz,Benzin,Beyaz
555000.0,2019,189000,Duz,Benzin,Beyaz
905000.0,2023,20000,Duz,Benzin,Mavi
950000.0,2023,64250,Duz,Dizel,Gri
659500.0,2017,189990,Otomatik,Dizel,Beyaz
735000.0,2023,19500,Duz,Benzin,Beyaz
1010000.0,2024,7799,Duz,Benzin,Gri (metalik)
510000.0,2017,280000,Duz,Dizel,Beyaz
625000.0,2017,184000,Duz,Dizel,Beyaz
873000.0,2020,29100,Duz,Dizel,Beyaz
1250000.0,2022,23000,Yari Otomatik,Dizel,Füme
820000.0,2020,7500,Duz,Benzin,Beyaz
635000.0,2020,148000,Duz,Dizel,Gri
729000.0,2022,65000,Duz,Benzin,Beyaz
847500.0,2022,27900,Duz,LPG & Benzin,Füme
595000.0,2018,240000,Duz,Dizel,Beyaz
550000.0,2020,120000,Duz,Benzin,Beyaz
759000.0,2023,14731,Duz,Benzin,Gri
795000.0,2021,103000,Duz,Dizel,Beyaz
689900.0,2019,52000,Duz,Benzin,Beyaz
679900.0,2021,120000,Duz,Dizel,Beyaz
1050000.0,2022,92000,Yari Otomatik,Dizel,Beyaz
719000.0,2023,34000,Duz,Benzin,Mavi
695900.0,2019,57000,Duz,LPG & Benzin,Beyaz
675000.0,2020,56500,Duz,Benzin,Kırmızı
747500.0,2022,75000,Duz,Benzin,Beyaz
665000.0,2018,73000,Duz,LPG & Benzin,Beyaz
715000.0,2022,109000,Duz,Benzin,Turkuaz
775000.0,2021,108000,Duz,Dizel,Beyaz
685000.0,2021,116000,Duz,Benzin,Beyaz
839900.0,2020,122000,Otomatik,Dizel,Beyaz
728000.0,2016,138000,Duz,Dizel,Beyaz
870000.0,2022,28000,Duz,Benzin,Beyaz
675000.0,2019,64593,Duz,LPG & Benzin,Beyaz
855000.0,2020,140000,Otomatik,Dizel,Beyaz
739500.0,2021,107000,Duz,Dizel,Beyaz
595000.0,2019,225000,Duz,Dizel,Beyaz
575000.0,2016,143000,Duz,Benzin,Beyaz
659000.0,2019,112000,Duz,Dizel,Beyaz
635000.0,2016,140000,Duz,Dizel,Beyaz
677500.0,2020,123850,Duz,Dizel,Beyaz
629900.0,2020,76000,Duz,Benzin,Kahverengi
654000.0,2021,82000,Duz,Benzin,Beyaz
839000.0,2022,161000,Otomatik,Dizel,Füme
819000.0,2023,7900,Duz,Benzin,Mavi
770000.0,2021,123000,Duz,Dizel,Beyaz
749000.0,2021,64000,Duz,Benzin,Mavi
832000.0,2023,28500,Duz,Benzin,Füme
569750.0,2018,186000,Duz,Dizel,Beyaz
635000.0,2021,190000,Duz,Dizel,Beyaz
709000.0,2022,130000,Duz,Dizel,Beyaz
725000.0,2018,110000,Duz,Dizel,Beyaz
696000.0,2021,61000,Duz,Benzin,Beyaz
738500.0,2017,86000,Otomatik,Dizel,Beyaz
645000.0,2020,222000,Duz,Benzin,Gri
815000.0,2021,95000,Duz,Benzin,Füme
638000.0,2016,186900,Duz,Dizel,Beyaz
739900.0,2020,134000,Otomatik,Dizel,Beyaz
759900.0,2021,70383,Duz,Benzin,Beyaz
645000.0,2021,129800,Duz,Dizel,Beyaz
1190000.0,2023,69000,Otomatik,Dizel,Beyaz
792500.0,2020,120000,Otomatik,Dizel,Gri
675000.0,2017,55500,Duz,Benzin,Beyaz
740000.0,2020,123000,Otomatik,Dizel,Beyaz
620000.0,2020,132000,Duz,Dizel,Beyaz
1120000.0,2023,65000,Otomatik,Dizel,Gri
680000.0,2018,143000,Duz,Dizel,Beyaz
580000.0,2019,114000,Duz,LPG & Benzin,Beyaz
730000.0,2018,100000,Duz,Dizel,Beyaz
745000.0,2020,153000,Yari Otomatik,Dizel,Beyaz
790000.0,2023,12000,Duz,Benzin,Füme
950000.0,2023,8000,Duz,Dizel,Gri
560000.0,2017,224000,Duz,Benzin,Bordo
510000.0,2018,137000,Duz,LPG & Benzin,Kırmızı
635000.0,2015,106000,Duz,Benzin,Beyaz
617500.0,2018,235000,Duz,Dizel,Beyaz
945000.0,2023,12000,Duz,Dizel,Füme
744000.0,2021,61500,Duz,Benzin,Füme
740000.0,2020,122000,Yari Otomatik,Dizel,Gri
980000.0,2024,6000,Duz,Benzin,Mavi (metalik)
625000.0,2016,112000,Duz,LPG & Benzin,Kırmızı
710000.0,2021,42850,Duz,Benzin,Beyaz
875000.0,2023,20000,Duz,Benzin,Füme
880000.0,2023,52000,Duz,Dizel,Beyaz
630000.0,2020,119000,Duz,Dizel,Beyaz
719900.0,2022,60000,Duz,Benzin,Beyaz
655000.0,2016,619999,Otomatik,LPG & Benzin,Siyah
785000.0,2020,81000,Yari Otomatik,Dizel,Beyaz
790000.0,2022,70000,Duz,Dizel,Beyaz
895000.0,2023,20000,Duz,Benzin,Gri
639000.0,2020,169000,Duz,Dizel,Beyaz
699000.0,2020,126000,Duz,Dizel,Beyaz
725000.0,2019,120000,Duz,Dizel,Beyaz
675000.0,2019,50000,Duz,Benzin,Beyaz
852500.0,2022,72000,Yari Otomatik,Dizel,Beyaz
725000.0,2023,16000,Duz,Benzin,Mavi
1145900.0,2023,42000,Otomatik,Dizel,Mavi
878000.0,2020,55000,Duz,Dizel,Beyaz
680000.0,2017,200000,Duz,Dizel,Kırmızı
734000.0,2023,119000,Duz,Dizel,Beyaz
699900.0,2021,98900,Duz,Dizel,Beyaz
709950.0,2020,160000,Otomatik,Dizel,Beyaz
750000.0,2022,12500,Duz,Benzin,Mavi (metalik)
900000.0,2023,6000,Duz,Benzin,Mavi (metalik)
600000.0,2020,112000,Duz,Dizel,Beyaz
835000.0,2023,17000,Duz,Benzin,Beyaz
430900.0,2017,298000,Duz,Dizel,Beyaz
1015000.0,2022,58000,Yari Otomatik,Dizel,Turuncu
722500.0,2020,59700,Duz,Benzin,Beyaz
687500.0,2022,62000,Duz,LPG & Benzin,Gri
1125000.0,2021,45500,Duz,Dizel,Beyaz
784000.0,2023,15000,Duz,Benzin,Füme
650000.0,2020,80000,Duz,Benzin,Beyaz
683000.0,2022,35000,Duz,Benzin,Beyaz
855000.0,2021,31500,Duz,Benzin,Beyaz
585000.0,2017,217000,Otomatik,Dizel,Beyaz
800000.0,2022,87000,Duz,Dizel,Beyaz
639000.0,2021,79000,Duz,Benzin,Füme
1135000.0,2023,50000,Otomatik,Dizel,Kırmızı
628500.0,2016,175000,Duz,Dizel,Kahverengi
779000.0,2023,6100,Duz,Benzin,Gri
510000.0,2017,293000,Duz,Dizel,Beyaz
565000.0,2018,147000,Duz,LPG & Benzin,Beyaz
720000.0,2020,18700,Duz,Benzin,Beyaz
595000.0,2018,81000,Duz,Benzin,Beyaz
815000.0,2020,124293,Duz,Dizel,Beyaz
673000.0,2019,172000,Otomatik,Dizel,Beyaz
858000.0,2023,6100,Duz,Benzin,Füme
1039900.0,2023,35786,Yari Otomatik,Dizel,Beyaz
920000.0,2024,33220,Duz,Dizel,Beyaz
849000.0,2022,45000,Duz,Benzin,Lacivert
685000.0,2021,58210,Duz,Benzin,Beyaz
829000.0,2023,51000,Duz,Benzin,Füme
845000.0,2023,19500,Duz,Benzin,Beyaz
723000.0,2022,45000,Duz,Benzin,Beyaz
535000.0,2015,145000,Duz,Dizel,Kahverengi
639000.0,2020,173000,Duz,Dizel,Beyaz
815000.0,2020,122983,Yari Otomatik,Dizel,Gri
730000.0,2021,34586,Duz,Benzin,Beyaz
725000.0,2022,35000,Duz,Benzin,Beyaz
758000.0,2023,32000,Duz,Benzin,Gri
620000.0,2015,235000,Duz,Dizel,Beyaz
520000.0,2020,85000,Duz,Benzin,Beyaz
939000.0,2022,38000,Yari Otomatik,Dizel,Beyaz
660000.0,2018,54000,Duz,Benzin,Beyaz
560000.0,2020,125000,Duz,Dizel,Beyaz
589750.0,2017,160000,Duz,Dizel,Beyaz
710000.0,2020,134560,Duz,Dizel,Gri
790900.0,2023,80805,Yari Otomatik,Dizel,Gri
675000.0,2020,116000,Duz,Dizel,Beyaz
715000.0,2020,133000,Duz,Dizel,Beyaz
635000.0,2020,203935,Duz,Dizel,Beyaz
851000.0,2023,14000,Duz,Benzin,Kırmızı
859000.0,2020,107500,Yari Otomatik,Dizel,Beyaz
840000.0,2021,6300,Duz,Benzin,Beyaz
650000.0,2017,50500,Duz,Benzin,Bej
655000.0,2020,145000,Duz,Dizel,Beyaz
670000.0,2020,79000,Duz,Benzin,Beyaz
805000.0,2020,64511,Duz,Dizel,Beyaz
680000.0,2017,68700,Duz,LPG & Benzin,Bej
649990.0,2019,60000,Duz,LPG & Benzin,Füme
720000.0,2022,55200,Duz,LPG & Benzin,Gri
760000.0,2022,46000,Duz,Dizel,Beyaz
675000.0,2019,142000,Duz,Dizel,Beyaz
775000.0,2020,134300,Otomatik,Dizel,Beyaz
1180000.0,2024,6001,Duz,Dizel,Beyaz
794000.0,2023,68000,Duz,Dizel,Füme
625000.0,2017,150000,Duz,Dizel,Beyaz
869000.0,2024,6177,Duz,LPG & Benzin,Beyaz
955000.0,2023,65000,Duz,Dizel,Füme
658000.0,2019,135000,Duz,Dizel,Beyaz
749900.0,2021,118440,Duz,Dizel,Beyaz
750000.0,2021,53000,Duz,Benzin,Lacivert
829500.0,2022,30323,Duz,LPG & Benzin,Beyaz
885000.0,2020,30000,Duz,Dizel,Beyaz
605950.0,2017,205500,Otomatik,Dizel,Beyaz
700000.0,2020,70000,Duz,Dizel,Beyaz
680000.0,2019,128000,Duz,LPG & Benzin,Kırmızı
363750.0,2017,230000,Duz,Dizel,Beyaz
589000.0,2020,73000,Duz,Dizel,Beyaz
645000.0,2019,162000,Duz,Dizel,Beyaz
824000.0,2021,59000,Duz,Dizel,Beyaz
669000.0,2021,55944,Duz,Benzin,Beyaz
1220000.0,2024,34650,Otomatik,Dizel,Yeşil
699000.0,2020,107000,Duz,Benzin,Gri (Gümüş)
767000.0,2022,30000,Duz,LPG & Benzin,Mavi
728000.0,2023,49000,Duz,Benzin,Füme
819500.0,2022,52390,Duz,LPG & Benzin,Beyaz
829000.0,2021,31100,Duz,Dizel,Beyaz
837000.0,2023,30000,Duz,LPG & Benzin,Mavi (metalik)
657000.0,2021,92000,Duz,Benzin,Gri
862500.0,2023,32900,Duz,Dizel,Beyaz
680000.0,2020,58000,Duz,Benzin,Beyaz
669000.0,2022,32000,Duz,Benzin,Beyaz
779500.0,2021,72000,Duz,Dizel,Beyaz
769000.0,2019,169000,Otomatik,Dizel,Gri
909750.0,2022,59390,Otomatik,Dizel,Beyaz
647000.0,2020,115241,Duz,Dizel,Beyaz
649900.0,2021,104000,Duz,Benzin,Beyaz
695000.0,2019,53000,Duz,Benzin,Bordo
970000.0,2023,22000,Duz,LPG & Benzin,Mavi
648500.0,2019,149850,Duz,Dizel,Beyaz
795000.0,2022,43000,Duz,Dizel,Beyaz
775000.0,2021,49000,Duz,Dizel,Beyaz
849000.0,2022,92000,Otomatik,Dizel,Beyaz
629000.0,2016,134500,Duz,Dizel,Beyaz
849000.0,2023,36000,Duz,Dizel,Beyaz
830000.0,2023,46000,Duz,Benzin,Mavi
725000.0,2019,120000,Duz,Dizel,Beyaz
604900.0,2022,152000,Duz,Benzin,Beyaz
657500.0,2020,217000,Duz,Dizel,Beyaz
710000.0,2023,30000,Duz,Benzin,Beyaz
1039900.0,2023,33777,Yari Otomatik,Dizel,Beyaz
613000.0,2019,126000,Duz,Benzin,Beyaz
710000.0,2022,55000,Duz,Benzin,Beyaz
785000.0,2022,40000,Duz,LPG & Benzin,Mavi
810000.0,2023,20000,Duz,Benzin,Mavi (metalik)
705000.0,2020,135000,Yari Otomatik,Dizel,Beyaz
865000.0,2022,25000,Duz,Benzin,Beyaz
698000.0,2021,29000,Duz,Benzin,Gri
710000.0,2020,121000,Duz,Dizel,Beyaz
720000.0,2022,68000,Duz,LPG & Benzin,Beyaz
620000.0,2019,78000,Duz,Benzin,Beyaz
585000.0,2017,194000,Duz,Dizel,Beyaz
670000.0,2021,48000,Duz,Benzin,Füme
660000.0,2019,34950,Duz,LPG & Benzin,Beyaz
610000.0,2019,95000,Duz,Benzin,Beyaz
740000.0,2020,94000,Duz,Dizel,Beyaz
778500.0,2020,88000,Duz,Dizel,Beyaz
895000.0,2021,161000,Duz,Dizel,Beyaz
725000.0,2020,77600,Duz,Dizel,Beyaz
755000.0,2023,14000,Duz,Benzin,Gri
730000.0,2021,132000,Duz,Benzin,Siyah
665000.0,2018,78000,Duz,LPG & Benzin,Beyaz
1095000.0,2023,39400,Yari Otomatik,Dizel,Füme
950000.0,2024,6001,Duz,Dizel,Beyaz
650000.0,2021,112850,Duz,Benzin,Beyaz
725000.0,2022,89750,Duz,Benzin,Beyaz
700000.0,2017,200000,Otomatik,LPG & Benzin,Bordo
885000.0,2023,10750,Duz,Benzin,Beyaz
735000.0,2020,79000,Duz,Dizel,Beyaz
820000.0,2017,112000,Otomatik,LPG & Benzin,Kırmızı
799999.0,2020,113000,Yari Otomatik,Dizel,Beyaz
795000.0,2023,6001,Duz,Benzin,Mavi
800000.0,2019,100000,Duz,Dizel,Beyaz
524000.0,2017,280000,Duz,Dizel,Beyaz
670000.0,2020,54000,Duz,Benzin,Gri
795000.0,2021,48000,Duz,Benzin,Mavi (metalik)
748500.0,2021,88250,Duz,Dizel,Beyaz
740000.0,2024,48000,Duz,Benzin,Mavi (metalik)
729500.0,2021,68500,Duz,Benzin,Beyaz
775000.0,2021,18900,Duz,Benzin,Beyaz
631000.0,2017,87000,Duz,Benzin,Kırmızı
725000.0,2023,39000,Duz,Benzin,Füme
799000.0,2021,50000,Duz,Benzin,Beyaz
790000.0,2017,156451,Yari Otomatik,Dizel,Beyaz
635000.0,2020,77500,Duz,Benzin,Siyah
835000.0,2022,103000,Yari Otomatik,Dizel,Beyaz
540000.0,2016,113000,Duz,LPG & Benzin,Beyaz
709500.0,2020,85000,Duz,Dizel,Beyaz
745000.0,2021,77000,Duz,Benzin,Beyaz
435000.0,2016,273500,Duz,Dizel,Beyaz
640000.0,2021,77000,Duz,Benzin,Füme
565000.0,2017,173000,Duz,Dizel,Beyaz
515000.0,2017,285000,Duz,Dizel,Beyaz
699999.0,2020,79000,Duz,LPG & Benzin,Füme
895000.0,2023,14500,Duz,Benzin,Beyaz
710000.0,2017,100000,Duz,Dizel,Beyaz
660000.0,2019,190000,Duz,Dizel,Beyaz
635000.0,2018,118000,Duz,LPG & Benzin,Beyaz
949000.0,2023,69000,Otomatik,Dizel,Beyaz
570000.0,2019,105000,Duz,Dizel,Beyaz
639000.0,2021,222000,Duz,Dizel,Beyaz
659950.0,2020,119000,Duz,Dizel,Beyaz
550000.0,2017,198000,Duz,Dizel,Beyaz
895000.0,2022,29000,Duz,Benzin,Beyaz
689500.0,2020,48000,Duz,Benzin,Beyaz
769900.0,2022,33000,Duz,Dizel,Beyaz
735000.0,2021,124000,Duz,Dizel,Beyaz
585000.0,2017,181000,Otomatik,Dizel,Beyaz
760000.0,2023,49411,Duz,Benzin,Gri
850000.0,2021,90000,Duz,LPG & Benzin,Turuncu
920000.0,2023,29500,Duz,Dizel,Füme
615000.0,2020,108000,Duz,Dizel,Beyaz
785000.0,2022,14850,Duz,Benzin,Füme
649750.0,2022,80000,Duz,Benzin,Beyaz
745000.0,2022,59432,Duz,Dizel,Beyaz
719000.0,2020,245000,Yari Otomatik,Dizel,Füme
759500.0,2021,138000,Duz,Dizel,Beyaz
815000.0,2022,96000,Otomatik,Dizel,Beyaz
725000.0,2021,43500,Duz,Benzin,Füme
810000.0,2019,81000,Yari Otomatik,Dizel,Beyaz
769000.0,2023,30000,Duz,Benzin,Gri
797500.0,2024,30513,Duz,Dizel,Beyaz
1215000.0,2022,26000,Yari Otomatik,Dizel,Turuncu
700000.0,2021,87000,Duz,Benzin,Gri
855000.0,2022,65000,Duz,Dizel,Beyaz
713000.0,2023,31000,Duz,Dizel,Beyaz
736750.0,2021,105000,Duz,Dizel,Beyaz
650000.0,2016,95000,Duz,Dizel,Beyaz
710000.0,2020,125000,Otomatik,Dizel,Beyaz
855000.0,2020,127306,Yari Otomatik,Dizel,Gri
1120000.0,2022,20000,Yari Otomatik,Dizel,Beyaz
485000.0,2017,265000,Duz,Dizel,Beyaz
993000.0,2022,84000,Yari Otomatik,Dizel,Beyaz
900000.0,2022,26000,Duz,Benzin,Beyaz
910000.0,2023,20000,Duz,Dizel,Mavi (metalik)
600000.0,2017,180000,Duz,Dizel,Beyaz
829950.0,2023,31311,Duz,Dizel,Beyaz
900000.0,2023,10000,Duz,Benzin,Beyaz
750000.0,2020,163000,Yari Otomatik,Dizel,Beyaz
875000.0,2017,73000,Otomatik,Benzin,Beyaz
495000.0,2017,194000,Duz,Dizel,Beyaz
758000.0,2023,29000,Duz,Benzin,Beyaz
645000.0,2020,140000,Duz,Dizel,Kırmızı
579950.0,2021,145000,Duz,Dizel,Beyaz
980000.0,2024,6001,Duz,Benzin,Füme
875000.0,2022,88286,Otomatik,Dizel,Füme
745000.0,2023,32000,Duz,Benzin,Füme
1139900.0,2024,15670,Otomatik,Dizel,Beyaz
719900.0,2022,76000,Duz,Benzin,Beyaz
657000.0,2020,127796,Duz,Dizel,Beyaz
754000.0,2022,108328,Duz,Dizel,Beyaz
695000.0,2021,112415,Duz,Dizel,Beyaz
718750.0,2021,83000,Duz,Benzin,Beyaz
739000.0,2023,18000,Duz,Benzin,Mavi
800000.0,2020,70389,Duz,Dizel,Beyaz
705000.0,2021,118435,Duz,Dizel,Beyaz
1139900.0,2024,15300,Otomatik,Dizel,Beyaz
1059000.0,2023,16000,Duz,Dizel,Beyaz
610000.0,2020,127000,Duz,Dizel,Beyaz
819950.0,2022,84000,Otomatik,Dizel,Beyaz
795000.0,2020,109126,Yari Otomatik,Dizel,Gri
644950.0,2016,110582,Duz,LPG & Benzin,Beyaz
950000.0,2023,23000,Otomatik,Dizel,Beyaz
595000.0,2020,122000,Duz,Benzin,Beyaz
714000.0,2022,43000,Duz,Benzin,Beyaz
787500.0,2022,73000,Duz,Dizel,Beyaz
625000.0,2019,156000,Duz,Dizel,Beyaz
579950.0,2018,204000,Yari Otomatik,Dizel,Beyaz
967500.0,2024,6500,Duz,Benzin,Füme
765000.0,2017,129000,Otomatik,Benzin,Beyaz
677000.0,2020,139000,Duz,Dizel,Beyaz
679750.0,2022,79000,Duz,Benzin,Beyaz
677000.0,2020,124000,Duz,Benzin,Beyaz
1275000.0,2023,30100,Otomatik,Dizel,Füme
749000.0,2021,33000,Duz,Benzin,Mavi (metalik)
885000.0,2022,54500,Otomatik,Dizel,Beyaz
550000.0,2016,226000,Duz,Dizel,Beyaz
828040.0,2022,7190,Duz,Benzin,Beyaz
689000.0,2022,80100,Duz,Dizel,Beyaz
829000.0,2022,11000,Duz,Benzin,Beyaz
728000.0,2022,67000,Duz,Benzin,Mavi
490000.0,2020,197000,Duz,LPG & Benzin,Beyaz
699000.0,2022,42000,Duz,Benzin,Beyaz
645000.0,2023,58000,Duz,Benzin,Füme
765000.0,2023,40000,Duz,Benzin,Mavi (metalik)
609950.0,2017,163000,Otomatik,Benzin,Beyaz
845000.0,2021,33000,Duz,Benzin,Gri
825000.0,2023,21000,Duz,Dizel,Beyaz
770000.0,2018,180000,Otomatik,Benzin,Bordo
935000.0,2022,53200,Otomatik,Dizel,Beyaz
812000.0,2023,36775,Duz,Benzin,Beyaz
935000.0,2023,9780,Duz,Benzin,Turuncu
665000.0,2019,73000,Duz,LPG & Benzin,Beyaz
765000.0,2017,127500,Otomatik,LPG & Benzin,Bordo
750000.0,2020,77000,Duz,Dizel,Beyaz
595000.0,2017,195000,Duz,Dizel,Beyaz
975000.0,2024,8700,Duz,Dizel,Beyaz
805000.0,2022,15000,Duz,Benzin,Lacivert
760000.0,2023,14000,Duz,LPG & Benzin,Füme
530000.0,2017,245000,Duz,Dizel,Beyaz
720000.0,2020,6150,Duz,Benzin,Gri (Gümüş)
865000.0,2021,25000,Duz,Benzin,Turuncu
650000.0,2020,52000,Duz,LPG & Benzin,Gri
720000.0,2016,25330,Duz,Dizel,Beyaz
790000.0,2020,125000,Yari Otomatik,Dizel,Beyaz
745750.0,2021,126000,Duz,Dizel,Beyaz
879900.0,2021,58500,Duz,Dizel,Beyaz
760000.0,2021,50800,Duz,Benzin,Mavi (metalik)
799000.0,2023,8300,Duz,Benzin,Mavi
720000.0,2022,23700,Duz,Benzin,Lacivert
689000.0,2021,139780,Duz,LPG & Benzin,Gri
736000.0,2020,149000,Yari Otomatik,Dizel,Beyaz
750000.0,2020,38000,Duz,Benzin,Beyaz
595000.0,2016,205000,Duz,Dizel,Beyaz
960000.0,2021,18500,Duz,Benzin,Yeşil
760000.0,2016,113000,Duz,Dizel,Beyaz
785000.0,2021,17500,Duz,LPG & Benzin,Füme
779750.0,2021,90000,Duz,Benzin,Mavi
785000.0,2017,119350,Yari Otomatik,Dizel,Beyaz
858750.0,2022,114900,Otomatik,Dizel,Beyaz
619750.0,2019,26400,Duz,Benzin,Beyaz
525900.0,2016,220000,Duz,Dizel,Beyaz
925000.0,2023,75000,Yari Otomatik,Dizel,Lacivert
670000.0,2021,85000,Duz,Benzin,Beyaz
819500.0,2022,110000,Otomatik,Dizel,Beyaz
900000.0,2023,15000,Duz,LPG & Benzin,Mavi (metalik)
805000.0,2023,23500,Duz,Benzin,Füme
859000.0,2021,60000,Duz,Benzin,Gri
815000.0,2018,115000,Yari Otomatik,Dizel,Beyaz
660000.0,2018,80000,Duz,Benzin,Beyaz
680000.0,2021,110000,Duz,Benzin,Gri
735000.0,2019,112000,Duz,Dizel,Beyaz
760000.0,2016,170913,Yari Otomatik,Dizel,Füme
695000.0,2021,43600,Duz,LPG & Benzin,Beyaz
650000.0,2020,60000,Duz,LPG & Benzin,Gri
767000.0,2022,44000,Duz,Dizel,Beyaz
720000.0,2020,25500,Duz,Benzin,Beyaz
610000.0,2017,82000,Duz,Benzin,Beyaz
660000.0,2021,70000,Duz,Benzin,Beyaz
765000.0,2022,52500,Duz,LPG & Benzin,Gri (Gümüş)
720000.0,2020,116000,Duz,Dizel,Beyaz
515000.0,2019,96000,Duz,Benzin,Gri
619000.0,2020,208000,Duz,Dizel,Beyaz
820000.0,2023,26000,Duz,Benzin,Mavi
955750.0,2023,65000,Otomatik,LPG & Benzin,Beyaz
805000.0,2023,22000,Duz,LPG & Benzin,Füme
880000.0,2023,24500,Duz,Benzin,Beyaz
880000.0,2023,34000,Duz,Dizel,Gri (metalik)
654000.0,2020,160000,Duz,Benzin,Beyaz
835000.0,2023,14000,Duz,LPG & Benzin,Gri
675000.0,2020,58700,Duz,Benzin,Gri
680000.0,2019,137300,Duz,Dizel,Füme
855000.0,2023,27500,Duz,Dizel,Mavi
754000.0,2023,40500,Duz,Benzin,Gri
595000.0,2018,180000,Duz,Dizel,Beyaz
899000.0,2023,56000,Duz,Dizel,Beyaz
585000.0,2016,240000,Duz,Dizel,Beyaz
757000.0,2024,11000,Duz,Benzin,Mavi (metalik)
818000.0,2022,39800,Duz,Benzin,Beyaz
629000.0,2021,142000,Duz,Benzin,Beyaz
665000.0,2020,145000,Duz,Dizel,Beyaz
847000.0,2020,105000,Otomatik,Dizel,Beyaz
747000.0,2021,95750,Duz,Benzin,Füme
855000.0,2022,31800,Duz,Benzin,Mavi (metalik)
575000.0,2016,113832,Duz,Dizel,Beyaz
985000.0,2024,6001,Duz,Benzin,Mavi
679000.0,2020,163080,Duz,Dizel,Beyaz
884900.0,2022,59600,Yari Otomatik,Dizel,Beyaz
850000.0,2023,28500,Duz,Benzin,Beyaz
575000.0,2018,225000,Duz,Dizel,Beyaz
699000.0,2016,100000,Duz,Dizel,Beyaz
732750.0,2020,109000,Otomatik,Dizel,Beyaz
769000.0,2020,119000,Otomatik,Dizel,Beyaz
550000.0,2017,183333,Duz,Dizel,Beyaz
1089000.0,2022,87500,Otomatik,Dizel,Mavi
985000.0,2024,7500,Duz,Benzin,Beyaz
653900.0,2021,106000,Duz,Benzin,Füme
684900.0,2022,117000,Duz,Dizel,Beyaz
719000.0,2021,85000,Duz,Dizel,Beyaz
860000.0,2023,58800,Duz,Dizel,Beyaz
600000.0,2019,190000,Duz,Dizel,Beyaz
1020000.0,2023,7200,Duz,Dizel,Mavi
749000.0,2017,154000,Yari Otomatik,Dizel,Beyaz
988000.0,2024,19500,Duz,Benzin,Mavi
818000.0,2021,107000,Duz,Dizel,Beyaz
738750.0,2022,51500,Duz,Benzin,Beyaz
1100000.0,2022,6500,Duz,Dizel,Beyaz
580000.0,2018,215000,Duz,Dizel,Beyaz
637500.0,2021,95000,Duz,Benzin,Beyaz
715000.0,2020,115000,Duz,Dizel,Beyaz
570000.0,2017,83000,Duz,Benzin,Bordo
800000.0,2023,68563,Duz,Benzin,Mavi
585000.0,2015,182000,Duz,Dizel,Füme
808500.0,2019,166500,Yari Otomatik,Dizel,Beyaz
855900.0,2023,17000,Duz,Benzin,Beyaz
930000.0,2024,19120,Duz,LPG & Benzin,Beyaz
972500.0,2022,74000,Otomatik,Dizel,Gri
654900.0,2021,106300,Duz,Benzin,Beyaz
835000.0,2023,38000,Duz,Dizel,Kırmızı
819750.0,2022,51744,Otomatik,Dizel,Beyaz
685999.0,2023,71500,Duz,Benzin,Beyaz
765000.0,2021,150000,Duz,Dizel,Beyaz
651500.0,2019,75000,Duz,Benzin,Beyaz
935000.0,2024,20000,Duz,Dizel,Füme
850000.0,2023,19500,Duz,Dizel,Beyaz
558000.0,2017,205000,Duz,Dizel,Beyaz
1139900.0,2024,15481,Otomatik,Dizel,Beyaz
896000.0,2023,26000,Duz,Benzin,Füme
697500.0,2020,105589,Otomatik,Dizel,Beyaz
805900.0,2023,95000,Duz,Dizel,Beyaz
927000.0,2023,49000,Otomatik,Dizel,Beyaz
930000.0,2024,16500,Duz,LPG & Benzin,Beyaz
880000.0,2023,19000,Duz,Benzin,Mavi
1139900.0,2024,15185,Otomatik,Dizel,Beyaz
665000.0,2021,60000,Duz,Benzin,Beyaz
655500.0,2022,52000,Duz,Benzin,Beyaz
689500.0,2021,75710,Duz,Benzin,Beyaz
652900.0,2020,154000,Otomatik,Dizel,Beyaz
640000.0,2021,104361,Duz,Benzin,Kırmızı
660000.0,2020,119387,Duz,Dizel,Beyaz
699999.0,2020,84000,Duz,LPG & Benzin,Gri (titanyum)
675000.0,2016,108000,Duz,Dizel,Beyaz
899500.0,2024,23900,Duz,Dizel,Beyaz
615000.0,2018,173000,Duz,Dizel,Füme
745000.0,2017,140000,Yari Otomatik,Dizel,Beyaz
645000.0,2017,160693,Duz,Dizel,Beyaz
715000.0,2015,136000,Duz,Dizel,Siyah
827500.0,2023,43000,Duz,LPG & Benzin,Beyaz
808000.0,2023,19254,Duz,Benzin,Gri
799000.0,2023,34000,Duz,Benzin,Gri
687500.0,2023,78000,Duz,Benzin,Füme
737500.0,2022,33000,Duz,Benzin,Beyaz
949750.0,2024,6150,Duz,Dizel,Beyaz
930000.0,2024,15140,Duz,LPG & Benzin,Beyaz
1135000.0,2023,22000,Otomatik,Dizel,Füme
672500.0,2020,188225,Otomatik,Dizel,Beyaz
475000.0,2018,240000,Duz,Dizel,Beyaz
624900.0,2021,98000,Duz,Benzin,Beyaz
815000.0,2022,31460,Duz,Dizel,Beyaz
479000.0,2017,250000,Duz,Dizel,Beyaz
1325000.0,2023,34798,Yari Otomatik,Dizel,Mavi
699000.0,2022,24655,Duz,Benzin,Beyaz
850000.0,2023,9980,Duz,Benzin,Mavi
1350000.0,2024,6400,Otomatik,Dizel,Beyaz
585000.0,2016,213000,Duz,Dizel,Beyaz
559000.0,2016,252000,Duz,Dizel,Beyaz
900000.0,2024,6001,Duz,Benzin,Gri
580000.0,2016,144000,Duz,LPG & Benzin,Beyaz
775000.0,2023,49885,Duz,Dizel,Gri
700000.0,2017,193000,Duz,Dizel,Beyaz
649000.0,2019,165000,Duz,Dizel,Beyaz
805000.0,2022,64480,Duz,Dizel,Beyaz
705000.0,2018,103000,Yari Otomatik,Dizel,Beyaz
785000.0,2023,45275,Duz,Dizel,Kırmızı
630000.0,2021,129000,Duz,LPG & Benzin,Gri (metalik)
769000.0,2020,70000,Otomatik,Dizel,Beyaz
724000.0,2021,78000,Duz,Dizel,Beyaz
935000.0,2022,45000,Otomatik,Dizel,Beyaz
660000.0,2021,127000,Duz,Dizel,Beyaz
1139900.0,2024,14611,Otomatik,Dizel,Beyaz
654900.0,2020,132000,Duz,Dizel,Beyaz
862000.0,2023,26000,Duz,Benzin,Beyaz
785000.0,2020,61617,Duz,Dizel,Beyaz
628000.0,2019,175000,Duz,Dizel,Beyaz
679000.0,2022,79000,Duz,Dizel,Beyaz
718500.0,2021,86000,Duz,Benzin,Mavi
795000.0,2022,51000,Duz,Benzin,Turuncu
815000.0,2023,41369,Duz,Dizel,Gri
649950.0,2021,82500,Duz,Benzin,Mavi
630000.0,2016,129000,Duz,Dizel,Beyaz
574900.0,2019,158000,Duz,Dizel,Beyaz
839000.0,2023,50000,Duz,Benzin,Gri
659000.0,2021,116000,Duz,Dizel,Beyaz
585000.0,2017,180000,Duz,Dizel,Beyaz
670000.0,2021,85000,Duz,LPG & Benzin,Beyaz
625000.0,2020,234750,Duz,Dizel,Beyaz
805000.0,2023,53000,Duz,Dizel,Beyaz
655000.0,2020,140000,Duz,Dizel,Beyaz
875000.0,2024,26930,Duz,Dizel,Beyaz
699000.0,2020,104500,Duz,Dizel,Beyaz
885000.0,2023,44345,Otomatik,Dizel,Mavi
699000.0,2019,49000,Duz,Benzin,Beyaz
599000.0,2019,140000,Duz,Dizel,Beyaz
550000.0,2017,228000,Duz,Dizel,Beyaz
610000.0,2016,176000,Duz,LPG & Benzin,Mavi (metalik)
745000.0,2022,83000,Duz,Dizel,Beyaz
815000.0,2022,50000,Duz,Benzin,Füme
875000.0,2024,22000,Duz,Dizel,Beyaz
744500.0,2019,88000,Otomatik,Benzin,Beyaz
795000.0,2017,165000,Yari Otomatik,Dizel,Beyaz
925000.0,2023,6001,Duz,Dizel,Beyaz
679999.0,2020,126400,Duz,Dizel,Beyaz
850000.0,2022,93000,Otomatik,Hibrit,Beyaz
815000.0,2022,85000,Duz,Dizel,Beyaz
675000.0,2020,115000,Duz,Dizel,Beyaz
655000.0,2017,99100,Duz,Dizel,Beyaz
739500.0,2021,98500,Duz,Benzin,Beyaz
770000.0,2016,178000,Duz,Dizel,Gri
715000.0,2017,132000,Duz,Dizel,Siyah
940000.0,2024,14000,Duz,LPG & Benzin,Beyaz
875000.0,2023,11500,Duz,Benzin,Gri (titanyum)
630000.0,2019,60000,Duz,Benzin,Beyaz
647000.0,2020,69000,Duz,Benzin,Gri (titanyum)
690000.0,2020,61000,Duz,LPG & Benzin,Kırmızı
715000.0,2021,47000,Duz,Benzin,Beyaz
745000.0,2022,71800,Duz,Dizel,Beyaz
455000.0,2017,200000,Duz,Dizel,Füme
915000.0,2023,20000,Duz,LPG & Benzin,Füme
395000.0,2018,350000,Duz,Dizel,Beyaz
575000.0,2017,213000,Duz,Dizel,Füme
735000.0,2016,142000,Yari Otomatik,Dizel,Beyaz
850000.0,2022,29500,Duz,Dizel,Beyaz
790000.0,2021,42000,Duz,Dizel,Beyaz
795000.0,2021,52500,Duz,LPG & Benzin,Turuncu
930000.0,2023,18000,Duz,Benzin,Beyaz
1111111.0,2024,30500,Duz,Benzin,Beyaz
640000.0,2018,188000,Yari Otomatik,Dizel,Beyaz
790000.0,2022,66000,Duz,Benzin,Beyaz
700000.0,2020,155000,Duz,Dizel,Beyaz
791000.0,2020,90000,Yari Otomatik,Dizel,Beyaz
920000.0,2022,108000,Yari Otomatik,Dizel,Beyaz
660000.0,2019,50500,Duz,Benzin,Beyaz
810000.0,2022,41500,Duz,Benzin,Beyaz
823000.0,2021,78500,Duz,Dizel,Füme
965000.0,2023,6001,Duz,Benzin,Yeşil (metalik)
710000.0,2019,167000,Duz,LPG & Benzin,Gri (titanyum)
899000.0,2023,6001,Duz,Benzin,Gri (Gümüş)
830000.0,2023,13000,Duz,Benzin,Mavi (metalik)
1015000.0,2022,36352,Yari Otomatik,Dizel,Beyaz
728500.0,2018,144000,Yari Otomatik,Dizel,Beyaz
755000.0,2023,18500,Duz,Benzin,Gri (metalik)
697500.0,2022,21400,Duz,Benzin,Beyaz
835000.0,2022,13500,Duz,Benzin,Füme
750000.0,2016,197000,Duz,Dizel,Beyaz
695000.0,2018,80000,Duz,LPG & Benzin,Lacivert
740000.0,2023,21600,Duz,Benzin,Gri (metalik)
825000.0,2023,13750,Duz,Benzin,Gri
